title,key,author,journal,year,doi
Remote Sensing Capabilities For Observational Drought Assessment,abdollahi_remotesensingcapabilitiesobservational_2023,"Abdollahi, K. and Eslami, Z.","Integrated Drought Management, Volume 2: Forecasting, Monitoring, And Managing Risk",2023,10.1201/9781003276548-20
"Trends And Projections Analysis Of Precipitation And Temperature Data Using Ccsm4 And Gsmap_nrt: Case Study In Sohar, Sultanate Of Oman",afandy_trendsprojectionsanalysisprecipitation_2023,"Afandy, M. and Alamrani, A. and Ibrahim, O. and Maghawry, S. A.",Environment And Ecology Research,2023,10.13189/eer.2023.110411
Predicting Poverty Index Using Deep Learning On Remote Sensing And Household Data,agarwal_predictingpovertyindexdeep_2019,"Agarwal, P. and Garg, N. and Singh, P.",International Journal Of Recent Technology And Engineering,2019,10.35940/ijrte.c3918.098319
"Advances In Remote Sensing Of Coastal Wetlands: Lidar, Sar, And Object-Oriented Case Studies From North Carolina",allen_advancesremotesensingcoastal_2014,"Allen, T. R.",Coastal Research Library,2014,10.1007/978-3-319-06326-3_17
Use Of Remote Sensing And Gis For Identifying Tanks And Rehabilitation Benefits To The Rural Areas,anand_remotesensinggisidentifying_2019,"Anand, S. and Kakumanu, K. R. and Amarasinghe, U. A.",Journal Of Rural Development,2019,10.25175/jrd/2019/v38/i1/121801
Influence Of Spatial Resolution On Satellite-Based Pm2.5 Estimation: Implications For Health Assessment,bai_influencespatialresolutionsatellite_2022,"Bai, H. and Shi, Y. and Seong, M. and Gao, W. and Li, Y.",Remote Sensing,2022,10.3390/rs14122933
Testing And Validation Of Cloud Infrastructures For Earth Observation Services With Satellite Constellations,becedas_testingvalidationcloudinfrastructures_2015,"Becedas, J. and Pérez, R. and González, G.",International Journal Of Remote Sensing,2015,10.1080/01431161.2015.1070324
Operational Meteorological Satellites And Utilization Of Their Data By Deutscher Wetterdienst,benesch_operationalmeteorologicalsatellitesutilization_1991,"Benesch, W. and Kurz, M.",Geojournal,1991,10.1007/bf00213056
Resource Management In Rangeland,booth_resourcemanagementrangeland_2015,"Booth, D. T. and Cox, S. E.",Gis Applications In Agriculture: Volume Four • Conservation Planning,2015,10.1201/b18173-15
Remote Sensing Satellites And Privacy: A Framework For Policy Assessment,brennan_remotesensingsatellitesprivacy_1995,"Brennan, T. J. and Macauley, M. K.",Information & Communications Technology Law,1995,10.1080/13600834.1995.9965723
Using The Social Cost Of Carbon To Value Earth Observing Systems,cooke_socialcostcarbonearth_2017,"Cooke, R. and Golub, A. and Wielicki, B. A. and Young, D. F. and Mlynczak, M. G. and Baize, R. R.",Climate Policy,2017,10.1080/14693062.2015.1110109 and ce and real option value and social cost of carbon and value of information and united states and carbon emission and decision making and emission control and environmental economics and environmental policy
Contribution Of Remote Sensing For Crop And Water Monitoring,courault_contributionremotesensingcrop_2016,"Courault, D. and Demarez, V. and Guérif, M. and Le Page, M. and Simonneaux, V. and Ferrant, S. and Veloso, A.",Land Surface Remote Sensing In Agriculture And Forest,2016,10.1016/b978-1-78548-103-1.50004-2
High Resolution Satellite Image Orientation Models,crespi_resolutionsatelliteimageorientation_2009,"Crespi, M. and Fratarcangeli, F. and Giannone, F. and Pieralice, F.",Geospatial Technology For Earth Observation,2009,10.1007/978-1-4419-0050-0_4
Possibilities Of The Practical Application Of Remote Sensing Data In Real Property Appraisal,dabrowski_possibilitiespracticalapplicationremote_2015,"Dąbrowski, R. and Latos, D.",Real Estate Management And Valuation,2015,10.1515/remav-2015-0016
Challenges And Opportunities Of Digital Technology In Soil Quality And Land Management Research,depaulobade_challengesopportunitiesdigitaltechnology_2021,"de Paul Obade, V. and Gaya, C. and Obade, P. T.",Environment And Climate-Smart Food Production,2021,10.1007/978-3-030-71571-7_9
Role Of Satellite Remote Sensing In The Geographic Information Economics In France,denegre_rolesatelliteremotesensing_1991,"Denégre, J.",Isprs Journal Of Photogrammetry And Remote Sensing,1991,10.1016/0924-2716(91)90065-4
Applying Bag Of Words Approach To Determine Remote Sensing Technology Acceptance Among Smallholder Plantations,diana_applyingbagwordsapproach_2023,"Diana, S. R. and Farida, F.",Arab Gulf Journal Of Scientific Research,2023,10.1108/agjsr-02-2023-0056
Implication Of Geo-Informatics (Gis/Rs) On Agricultural Irrigation Management: The State Of The Art,elbana_implicationgeoinformaticsgis_2019,"Elbana, M. and Bakr, N. and Karajeh, F.",Handbook Of Environmental Chemistry,2019,10.1007/698_2017_174
"Groundwater Recharges Assessment Using Novel Remote Sensing Approach In Asir Region, Saudi Arabia",elhag_groundwaterrechargesassessmentremote_2013,"Elhag, M. and Bahrawi, J.",World Applied Sciences Journal,2013,10.5829/idosi.wasj.2013.28.01.1871
Precision Farming: Technologies And Information As Risk-Reduction Tools,hall_precisionfarmingtechnologiesinformation_1999,"Hall, F. R.",Acs Symposium Series,1999,10.1021/bk-1999-0734.ch008
"Gap-Free Monitoring Of Annual Mangrove Forest Dynamics In Ca Mau Province, Vietnamese Mekong Delta, Using The Landsat-7-8 Archives And Post-Classification Temporal Optimization",hauser_gapfreemonitoringannual_2020,"Hauser, L. T. and Binh, N. A. and Hoa, P. V. and Quan, N. H. and Timmermans, J.",Remote Sensing,2020,10.3390/rs12223729
"Mapping Crop Fractional Green Canopy Cover Using High Spatial Resolution Thermal And Optical Remote Sensing In Southern Ontario, Canada",he_mappingcropfractionalgreen_2022,"He, Y. and Dosanjh, M. and Shang, J. and Liu, J. and Drury, C. F. and Yang, X. and Yang, J. and Dao, P. D. and Axiotis, A. and Proctor, C.",Geomatica,2022,10.1139/geomat-2021-0008
Economic Valuation Of Mangroves In The Niger Delta: An Interdisciplinary Approach,james_economicvaluationmangrovesniger_2010,"James, G. K. and Adegoke, J. O. and Saba, E. and Nwilo, P. and Akinyede, J. and Osagie, S.",World Fisheries: A Social-Ecological Analysis,2010,10.1002/9781444392241.ch15
Rejuvenation Of Agriculture In India: Cost Benefits In Using Eo Products,jayaraman_rejuvenationagricultureindiacost_2008,"Jayaraman, V. and Parihar, J. S. and Srivastava, S. K.",Acta Astronautica,2008,10.1016/j.actaastro.2007.12.027
A Review Of Approaches For Automated Habitat Mapping And Their Potential Added Value For Biodiversity Monitoring Projects,jongman_reviewapproachesautomatedhabitat_2019,"Jongman, R. H. G. and Mücher, C. A. and Bunce, R. G. H. and Lang, M. and Sepp, K.",Journal Of Landscape Ecology(Czech Republic),2019,10.2478/jlecol-2019-0015
Copernicus Program,jutz_copernicusprogram_2017,"Jutz, S. and Milagro-Pérez, M. P.",Comprehensive Remote Sensing,2017,10.1016/b978-0-12-409548-9.10317-3
Applications Of Geospatial Technologies For Precision Agriculture,khan_applicationsgeospatialtechnologiesprecision_2023,"Khan, M. R. and Crabbe, R. A. and Malik, N. A. and O'Meara, L.","Precision Agriculture: Evolution, Insights And Emerging Trends",2023,10.1016/b978-0-443-18953-1.00004-0
Remote Sensing Of Wetlands: Case Studies Comparing Practical Techniques,klemas_remotesensingwetlandsstudies_2011,"Klemas, V.",Journal Of Coastal Research,2011,10.2112/jcoastres-d-10-00174.1
Early Detection And Monitoring Droughts From Noaa Environmental Satellites,kogan_detectionmonitoringdroughtsnoaa_2011,"Kogan, F. and Guo, W.",Nato Science For Peace And Security Series C: Environmental Security,2011,10.1007/978-90-481-9618-0_2
Comparative Analysis Of Machine Learning Algorithms In Automatic Identification And Extraction Of Water Boundaries,li_comparativeanalysismachinelearning_2021,"Li, A. and Fan, M. and Qin, G. and Xu, Y. and Wang, H.",Applied Sciences (Switzerland),2021,10.3390/app112110062
Potential Of Npp-Viirs Nighttime Light Imagery For Modeling The Regional Economy Of China,li_potentialnppviirsnighttime_2013,"Li, X. and Xu, H. and Chen, X. and Li, C.",Remote Sensing,2013,10.3390/rs5063057
Digitalization And Agricultural Development: Evidence From Morocco,lionboui_digitalizationagriculturaldevelopmentevidence_2022,"Lionboui, H. and Boudhar, A. and Lebrini, Y. and Htitiou, A. and Elame, F. and Hadria, R. and Benabdelouahab, T.",Food Security And Climate-Smart Food Systems: Building Resilience For The Global South,2022,10.1007/978-3-030-92738-7_16
Redefining Climate Regions In The United States Of America Using Satellite Remote Sensing And Machine Learning For Public Health Applications,liss_redefiningclimateregionsunited_2014,"Liss, A. and Koch, M. and Naumova, E. N.",Geospatial Health,2014,10.4081/gh.2014.294
Use Of Google Earth™ To Strengthen Public Health Capacity And Facilitate Management Of Vector-Borne Diseases In Resource-Poor Environments,lozanofuentes_googleearthstrengthenpublic_2008,"Lozano-Fuentes, S. and Elizondo-Quiroga, D. and Farfan-Ale, J. A. and Loroño-Pino, M. A. and Garcia-Rejon, J. and Gomez-Carro, S. and Lira-Zumbardo, V. and Najera-Vazquez, R. and Fernandez-Salas, I. and Calderon-Martinez, J. and Dominguez-Galera, M. and Mis-Avila, P. and Morris, N. and Coleman, M. and Moore, C. G. and Beatya, B. J. and Eisen, L.",Bulletin Of The World Health Organization,2008,10.2471/blt.07.045880
Impacts Of Geospatial Information For Decision Making,pearlman_impactsgeospatialinformationdecision_2014,"Pearlman, F. and Bernknopf, R. and Stewart, M. A. and Pearlman, J. S.",Advances In Natural And Technological Hazards Research,2014,10.1007/978-3-319-01821-8_10
"Mapping Of Environmental Sensitivity Index To Oil Spill From Landsat Tm Images: ""A Study Case On The Amazon Coastal Plain""",rodrigues_mappingenvironmentalsensitivityindex_2013,"Rodrigues, S. W. P. and Souza-Filho, P. W. M.",Revista Brasileira De Geofisica,2013,10.22564/rbgf.v30i4.240
Key Technologies Of Monitoring High Temperature Stress To Rice By Portable Uav Multi Spectral Remote Sensing,shi_keytechnologiesmonitoringtemperature_2020,"Shi, T. and Yang, T. M. and Huang, Y. and Li, X. and Liu, Q. and Yang, Y. J.",Chinese Journal Of Agrometeorology,2020,10.3969/j.issn.1000-6362.2020.09.006
Aggregating High-Priority Landscape Areas To The Parcel Level: An Easement Implementation Tool,strager_aggregatingprioritylandscapeparcel_2007,"Strager, M. P. and Rosenberger, R. S.",Journal Of Environmental Management,2007,10.1016/j.jenvman.2006.01.007
Water Balance Estimation Of A Poorly Gauged Catchment In West Africa Using Dynamically Downscaled Meteorological Fields And Remote Sensing Information,wagner_waterbalanceestimationpoorly_2009,"Wagner, S. and Kunstmann, H. and Bárdossy, A. and Conrad, C. and Colditz, R. R.",Physics And Chemistry Of The Earth,2009,10.1016/j.pce.2008.04.002
"Cloud Data And Computing Services Allow Regional Environmental Assessment: A Case Study Of Macquarie-Castlereagh Basin, Australia",wu_clouddatacomputingservices_2019,"Wu, H. and Zhang, L. and Zhang, X.",Chinese Geographical Science,2019,10.1007/s11769-019-1040-4
Initial Assessment Of Burn Severity Using Transfer Learning Model,zheng_initialassessmentburnseverity_2022,"Zheng, Z. and Wang, J. and Zou, B. and Gao, Y. and Yang, S. and Wang, Y.",National Remote Sensing Bulletin,2022,10.11834/jrs.20210156
Geo-Cropsim: A Geo-Spatial Crop Simulation Modeling Framework For Regional Scale Crop Yield And Water Use Assessment,bandaru_geocropsimgeospatial_2022,"Bandaru, V. and Yaramasu, R. and Jones, C. and César Izaurralde, R. and Reddy, A. and Sedano, F. and Daughtry, C. S. T. and Becker-Reshef, I. and Justice, C.",Isprs Journal Of Photogrammetry And Remote Sensing,2022,10.1016/j.isprsjprs.2021.10.024
Estimation Of Surface Soil Moisture With Downscaled Land Surface Temperatures Using A Data Fusion Approach For Heterogeneous Agricultural Land,bai_estimationsurfacesoilmoisture_2019,"Bai, L. and Long, D. and Yan, L.",Water Resources Research,2019,10.1029/2018wr024162
"Evaluation Financiere De L‘integration De Technologies Satellitaires, Pour Le Suivi Du Couvert Nival, Au Sein D‘une Entreprise Hydroelectrique (Le Cas De L‘utilisation Du Satellite Radarsat I Dans Le Bassin De La Riviere La Grande (Quebec))",martin_evaluationfinancieredel‘integration_1999,"Martin, D. and Bernier, M. and Sasseville, J. L. and Charbonneau, R.",International Journal Of Remote Sensing,1999,10.1080/014311699212335
Sebu: A Novel Fully Automated Google Earth Engine Surface Energy Balance Model For Urban Areas,abunnasr_sebuautomatedgoogleearth_2022,"Abunnasr, Yaser and Mhawej, Mario and Chrysoulakis, Nektarios",Urban Climate,2022,10.1016/j.uclim.2022.101187
Operational Evaluation Of A Wildfire Air Quality Model From A Forecaster Point Of View,ainslie_operationalevaluationwildfireair_2022,"Ainslie, Bruce and So, Rita and Chen, Jack",Weather And Forecasting,2022,10.1175/waf-d-21-0064.1
Bioclimatic Variables From Precipitation And Temperature Records Vs. Remote Sensing-Based Bioclimatic Variables: Which Side Can Perform Better In Species Distribution Modeling?,amiri_bioclimaticvariablesprecipitationtemperature_2020,"Amiri, Mohadeseh and Tarkesh, Mostafa and Jafari, Reza and Jetschke, Gottfried",Ecological Informatics,2020,10.1016/j.ecoinf.2020.101060
Mapping Of Potential Fuel Regions Using Uncrewed Aerial Vehicles For Wildfire Prevention,andrada_mappingpotentialfuelregions_2023,"Andrada, Maria Eduarda and Russell, David and Arevalo-Ramirez, Tito and Kuang, Winnie and Kantor, George and Yandun, Francisco",Forests,2023,10.3390/f14081601
Identification Of Agricultural Management Zones Through Clustering Algorithms With Thermal And Multispectral Satellite Imagery,arango_identificationagriculturalmanagementzones_2017,"Arango, R. B. and Campos, A. M. and Combarro, E. F. and Canas, E. R. and Diaz, I.",International Journal Of Uncertainty Fuzziness And Knowledge-Based Systems,2017,10.1142/s0218488517400062
Mapping Open Data And Big Data To Address Climate Resilience Of Urban Informal Settlements In Sub-Saharan Africa,banzhaf_mappingdatadataaddress_2022,"Banzhaf, Ellen and Bulley, Henry N. and Inkoom, Justice Nana and Elze, Sebastian",Climate,2022,10.3390/cli10120186
More Than Counting Pixels - Perspectives On The Importance Of Remote Sensing Training In Ecology And Conservation,bernd_countingpixelsperspectivesimportance_2017,"Bernd, Asja and Braun, Daniela and Ortmann, Antonia and Ulloa-Torrealba, Yrneh Z. and Wohlfart, Christian and Bell, Alexandra",Remote Sensing In Ecology And Conservation,2017,10.1002/rse2.27
Examining The Value Of Satellite Data In Halting Transmission Of Polio In Nigeria: A Socioeconomic Analysis,borowitz_examiningsatellitedatahalting_2023,"Borowitz, Mariel and Zhou, Janet and Azelton, Krystal and Nassar, Isabelle-Yara",Data \& Policy,2023,10.1017/dap.2023.12
Optimizing Observing Systems Using Aspen: An Analysis Tool To Assess The Benefit And Cost Effectiveness Of Observations To Earth System Applications,boukabara_optimizingobservingsystemsaspen_2022,"Boukabara, Sid-Ahmed and Hoffman, Ross N.",Bulletin Of The American Meteorological Society,2022,10.1175/bams-d-22-0004.1
How Valuable Is Remotely Sensed Information? The Case Of Tropical Deforestation Modelling,bounfour_valuableremotelysensedinformation_1999,"Bounfour, A and Lambin, EF",Space Policy,1999,10.1016/s0265-9646(99)00025-9
Accuracy And Impact Of Spatial Aids Based Upon Satellite Enumeration To Improve Indoor Residual Spraying Spatial Coverage,bridges_accuracyimpactspatialaids_2018,"Bridges, Daniel J. and Pollard, Derek and Winters, Anna M. and Winters, Benjamin and Sikaala, Chadwick and Renn, Silvia and Larsen, David A.",Malaria Journal,2018,10.1186/s12936-018-2236-2
"Integrative Geospatial Approaches For The Comprehensive Monitoring And Assessment Of Land Management Sustainability: Rationale, Potentials, And Characteristics",buenemann_integrativegeospatialapproachescomprehensive_2011,"Buenemann, M. and Martius, C. and Jones, J. W. and Herrmann, S. M. and Klein, D. and Mulligan, M. and Reed, M. S. and Winslow, M. and Washington-Allen, R. A. and Lal, R. and Ojima, D.",Land Degradation \& Development,2011,10.1002/ldr.1074
Compliance With European Union Environmental Law: An Analysis Of Digitalization Effects On Institutional Capacities,burgin_complianceeuropeanunionenvironmental_2020,"Burgin, Alexander",Environmental Policy And Governance,2020,10.1002/eet.1877
Securing Sustainability In Indian Agriculture Through Civilian Uav: A Responsible Innovation Perspective,chamuah_securingsustainabilityindianagriculture_2020,"Chamuah, Anjan and Singh, Rajbeer",Sn Applied Sciences,2020,10.1007/s42452-019-1901-6
Characterization Of Field-Scale Soil Variation Using A Stepwise Multi-Sensor Fusion Approach And A Cost-Benefit Analysis,chatterjee_characterizationfieldscalesoil_2021,"Chatterjee, Sumanta and Hartemink, Alfred E. and Triantafilis, John and Desai, Ankur R. and Soldat, Doug and Zhu, Jun and Townsend, Philip A. and Zhang, Yakun and Huang, Jingyi",Catena,2021,10.1016/j.catena.2021.105190
Ground Level Lidar As A Contributing Indicator In An Environmental Protection Application,coman_groundlevellidarcontributing_2023,"Coman, Ciprian M. and Toma, Bogdan C. and Constantin, Mihai A. and Florescu, Adriana",Ieee Access,2023,10.1109/access.2023.3319453
"Testing The Water Balance Model Criteria Using Tdr Measurements, Micrometeorological Data And Satellite-Based Information",consoli_testingwaterbalancemodel_2016,"Consoli, S. and Licciardello, F. and Vanella, D. and Pasotti, L. and Villani, G. and Tomei, F.",Agricultural Water Management,2016,10.1016/j.agwat.2015.11.003
System Modelling Of Very Low Earth Orbit Satellites For Earth Observation,crisp_systemmodellinglowearth_2021,"Crisp, N. H. and Roberts, P. C. E. and Romano, F. and Smith, K. L. and Oiko, V. T. A. and Sulliotti-Linner, V and Hanessian, V and Herdrich, G. H. and Garcia-Alminana, D. and Kataria, D. and Seminari, S.",Acta Astronautica,2021,10.1016/j.actaastro.2021.07.004
Using Remote Sensing As A Support To The Implementation Of The European Marine Strategy Framework Directive In Sw Portugal,cristina_remotesensingsupportimplementation_2015,"Cristina, Sonia and Icely, John and Goela, Priscila Costa and Angel DelValls, Tomas and Newton, Alice",Continental Shelf Research,2015,10.1016/j.csr.2015.03.011
The Role Of Satellite Technologies In Relief Logistics,delmonteil_rolesatellitetechnologiesrelief_2017,"Delmonteil, Francois-Xavier and Rancourt, Marie-Eve",Journal Of Humanitarian Logistics And Supply Chain Management,2017,10.1108/jhlscm-07-2016-0031
"Use Of Social Networks For Outreach, Education And Training On Space Applications: Know-How And Experience Of Planete Sciences Midi-Pyrenees And Cnes",denis_socialnetworksoutreacheducation_2014,"Denis, Gil and Klein, Severine and Gueguen, Berengere",Acta Astronautica,2014,10.1016/j.actaastro.2013.09.010
Integrating Inland And Coastal Water Quality Data For Actionable Knowledge,elserafy_integratinginlandcoastalwater_2021,"El Serafy, Ghada Y. H. and Schaeffer, Blake A. and Neely, Merrie-Beth and Spinosa, Anna and Odermatt, Daniel and Weathers, Kathleen C. and Baracchini, Theo and Bouffard, Damien and Carvalho, Laurence and Conmy, Robyn N. and De Keukelaere, Liesbeth and Hunter, Peter D. and Jamet, Cedric and Joehnk, Klaus D. and Johnston, John M. and Knudby, Anders and Minaudo, Camille and Pahlevan, Nima and Reusen, Ils and Rose, Kevin C. and Schalles, John and Tzortziou, Maria",Remote Sensing,2021,10.3390/rs13152899
Pollution Monitoring: Optimal Design Of Inspection - An Economic Analysis Of The Use Of Satellite Information To Deter Oil Pollution,florens_pollutionmonitoringoptimaldesign_1999,"Florens, JP and Foucher, C",Journal Of Environmental Economics And Management,1999,10.1006/jeem.1999.1072
Climate Data For The European Forestry Sector: From End-User Needs To Opportunities For Climate Resilience,fraccaroli_climatedataeuropeanforestry_2021,"Fraccaroli, Cecilia and Govigli, Valentino Marini and Briers, Siebe and Cerezo, Nieves Pena and Jimenez, Jorge Paz and Romero, Maria and Lindner, Marcus and de Arano, Inazio Martinez",Climate Services,2021,10.1016/j.cliser.2021.100247
Multilayer Data And Artificial Intelligence For The Delineation Of Homogeneous Management Zones In Maize Cultivation,gallardoromero_multilayerdataartificialintelligence_2023,"Gallardo-Romero, Diego Jose and Apolo-Apolo, Orly Enrique and Martinez-Guanter, Jorge and Perez-Ruiz, Manuel",Remote Sensing,2023,10.3390/rs15123131
Sharing Environmental Data Through Geoss,giuliani_sharingenvironmentaldatageoss_2011,"Giuliani, Gregory and Ray, Nicolas and Schwarzer, Stefan and De Bono, Andrea and Peduzzi, Pascal and Dao, Hy and Van Woerden, Jaap and Witt, Ron and Beniston, Martin and Lehmann, Anthony",International Journal Of Applied Geospatial Research,2011,10.4018/jagr.2011010101
Crossing The (Watershed) Divide: Satellite Data And The Changing Politics Of International River Basins,gleason_crossingwatersheddividesatellite_2017,"Gleason, Colin J. and Hamdan, Ali N.",Geographical Journal,2017,10.1111/geoj.12155
"Wireless Sensor Networks To Study, Monitor And Manage Cattle In Grazing Systems",gonzalez_wirelesssensornetworksstudy_2014,"Gonzalez, L. A. and Bishop-Hurley, G. and Henry, D. and Charmley, E.",Animal Production Science,2014,10.1071/an14368
2d Vs. 3d Change Detection Using Aerial Imagery To Support Crisis Management Of Large-Scale Events,gstaiger_2d3dchangedetection_2018,"Gstaiger, Veronika and Tian, Jiaojiao and Kiefl, Ralph and Kurz, Franz",Remote Sensing,2018,10.3390/rs10122054
Monitoring Water-Related Ecosystems With Earth Observation Data In Support Of Sustainable Development Goal (Sdg) 6 Reporting,hakimdavar_monitoringwaterrelatedecosystems_2020,"Hakimdavar, Raha and Hubbard, Alfred and Policelli, Frederick and Pickens, Amy and Hansen, Matthew and Fatoyinbo, Temilola and Lagomasino, David and Pahlevan, Nima and Unninayar, Sushel and Kavvada, Argyro and Carroll, Mark and Smith, Brandon and Hurwitz, Margaret and Wood, Danielle and Uz, Stephanie Schollaert",Remote Sensing,2020,10.3390/rs12101634
Developments In Land Information Systems: Examples Demonstrating Land Resource Management Capabilities And Options,hallett_developmentslandinformationsystems_2017,"Hallett, S. H. and Sakrabani, R. and Keay, C. A. and Hannam, J. A.",Soil Use And Management,2017,10.1111/sum.12380
"Comparing The Information Content Of Coral Reef Geomorphological And Biological Habitat Maps, Amirantes Archipelago (Seychelles), Western Indian Ocean",hamylton_comparinginformationcontentcoral_2012,"Hamylton, S. and Andrefouet, S. and Spencer, T.",Estuarine Coastal And Shelf Science,2012,10.1016/j.ecss.2012.06.001
Spaceborne Imaging Spectroscopy For Sustainable Agriculture: Contributions And Challenges,hank_spaceborneimagingspectroscopysustainable_2019,"Hank, Tobias B. and Berger, Katja and Bach, Heike and Clevers, Jan G. P. W. and Gitelson, Anatoly and Zarco-Tejada, Pablo and Mauser, Wolfram",Surveys In Geophysics,2019,10.1007/s10712-018-9492-0
Perspectives From Landscape Ecology Can Improve Environmental Impact Assessment,harker_perspectiveslandscapeecologyimprove_2021,"Harker, Karly J. and Arnold, Lauren and Sutherland, Ira J. and Gergel, Sarah E.",Facets,2021,10.1139/facets-2020-0049
To Pay Or Not To Pay? Monitoring Performance And Enforcing Conditionality When Paying For Forest Conservation In Mexico,honeyroses_paypaymonitoringperformance_2009,"Honey-Roses, Jordi and Lopez-Garcia, Jose and Rendon-Salinas, Eduardo and Peralta-Higuera, Armando and Galindo-Leal, Carlos",Environmental Conservation,2009,10.1017/s0376892909990063
Viirs Nighttime Light Data For Income Estimation At Local Level,ivan_viirsnighttimelightdata_2020,"Ivan, Kinga and Holobaca, Iulian-Horia and Benedek, Jozsef and Torok, Ibolya",Remote Sensing,2020,10.3390/rs12182950
Formalizing A Two-Step Decision-Making Process In Land Use: Evidence From Controlling Forest Clearcutting Using Spatial Information,jabbour_formalizingstepdecisionprocess_2023,"Jabbour, Chady and Hoayek, Anis and Salles, Jean-Michel",Land,2023,10.3390/land12010015
The Utility Of Airborne Hyperspectral And Satellite Multispectral Images In Identifying Natura 2000 Non-Forest Habitats For Conservation Purposes,jarocinska_utilityairbornehyperspectralsatellite_2023,"Jarocinska, Anna and Kopec, Dominik and Niedzielko, Jan and Wylazlowska, Justyna and Halladin-Dabrowska, Anna and Charyton, Jakub and Piernik, Agnieszka and Kaminski, Dariusz",Scientific Reports,2023,10.1038/s41598-023-31705-6
Big Data Analysis Applied In Agricultural Planting Layout Optimization,jiang_dataanalysisappliedagricultural_2019,"Jiang, Y. M. and Wang, T. and Zhao, H. H. and Shao, X. D. and Cui, W. H. and Huang, K. and Li, L. P.",Applied Engineering In Agriculture,2019,10.13031/aea.12790
An Observing System Simulation Experiment Framework For Air Quality Forecasts In Northeast Asia: A Case Study Utilizing Virtual Geostationary Environment Monitoring Spectrometer And Surface Monitored Aerosol Data,kim_observingsystemsimulationexperiment_2022,"Kim, Hyeon-Kook and Lee, Seunghee and Bae, Kang-Ho and Jeon, Kwonho and Lee, Myong-In and Song, Chang-Keun",Remote Sensing,2022,10.3390/rs14020389
On Timeliness And Accuracy Of Wildfire Detection By The Goes Wf-Abba Algorithm Over California During The 2006 Fire Season,koltunov_timelinessaccuracywildfiredetection_2012,"Koltunov, Alexander and Ustin, Susan L. and Prins, Elaine M.",Remote Sensing Of Environment,2012,10.1016/j.rse.2012.09.001
Supporting Management Of Refugee Streams By Earth Observation And Geoinformation,komp_supportingmanagementrefugeestreams_2016,"Komp, Klaus-Ulrich and Mueterthies, Andreas",Photogrammetrie Fernerkundung Geoinformation,2016,10.1127/pfg/2016/0308
Open-Source Satellite Data And Gis For Land Resource Mapping,kumar_sourcesatellitedatagis_2018,"Kumar, Nirmal and Singh, S. K. and Mishra, V. N. and Reddy, G. P. Obi and Bajpai, R. K.",NA,2018,10.1007/978-3-319-78711-4\_10
Resilience Aspects In The Sensor Web Infrastructure For Natural Disaster Monitoring And Risk Assessment Based On Earth Observation Data,kussul_resilienceaspectssensorweb_2014,"Kussul, Nataliia and Skakun, Sergii and Shelestov, Andrii Yu and Kussul, Olga and Yailymov, Bohdan",Ieee Journal Of Selected Topics In Applied Earth Observations And Remote Sensing,2014,10.1109/jstars.2014.2313573
Ocean Colour Opportunities From Meteosat Second And Third Generation Geostationary Platforms,kwiatkowska_oceancolouropportunitiesmeteosat_2016,"Kwiatkowska, Ewa J. and Ruddick, Kevin and Ramon, Didier and Vanhellemont, Quinten and Brockmann, Carsten and Lebreton, Carole and Bonekamp, Hans G.",Ocean Science,2016,10.5194/os-12-703-2016
Estimating The Societal Benefits Of Satellite Instruments: Application To A Break-Even Analysis Of The Geoxo Hyperspectral Ir Sounder,lauer_estimatingsocietalbenefitssatellite_2021,"Lauer, Christopher and Conran, Joseph and Adkins, Jeffery",Frontiers In Environmental Science,2021,10.3389/fenvs.2021.749044
"Earth Observation For Citizen Science Validation, Or Citizen Science For Earth Observation Validation? The Role Of Quality Assurance Of Volunteered Observations",leibovici_earthobservationcitizenscience_2017,"Leibovici, Didier G. and Williams, Jamie and Rosser, Julian F. and Hodges, Crona and Chapman, Colin and Higgins, Chris and Jackson, Mike J.",Data,2017,10.3390/data2040035
In-Season Prediction Of Corn Grain Yield Through Planetscope And Sentinel-2 Images,li_seasonpredictioncorngrain_2022,"Li, Fenling and Miao, Yuxin and Chen, Xiaokai and Sun, Zhitong and Stueve, Kirk and Yuan, Fei",Agronomy-Basel,2022,10.3390/agronomy12123176
Optimal Decision-Making Model Of Spatial Sampling For Survey Of China's Land With Remotely Sensed Data,li_optimaldecisionmodelspatial_2005,"Li, LF and Wang, JF and Liu, JY",Science In China Series D-Earth Sciences,2005,10.1360/03yd0376
Measuring The Economic Benefits Of Advanced Technology Use For River Flood Forecasting,lim_measuringeconomicbenefitsadvanced_2022,"Lim, Siew Hoon and Ge, Yue and Jacobs, Jennifer M. and Jia, Xinhua",Journal Of Flood Risk Management,2022,10.1111/jfr3.12781
Remote Sensing For Assessing Landslides And Associated Hazards,lissak_remotesensingassessinglandslides_2020,"Lissak, Candide and Bartsch, Annett and De Michele, Marcello and Gomez, Christopher and Maquaire, Olivier and Raucoules, Daniel and Roulland, Thomas",Surveys In Geophysics,2020,10.1007/s10712-020-09609-1
Managing Agricultural Water Considering Water Allocation Priority Based On Remote Sensing Data,luo_managingagriculturalwaterwater_2021,"Luo, Biao and Zhang, Fan and Liu, Xiao and Pan, Qi and Guo, Ping",Remote Sensing,2021,10.3390/rs13081536
"When Digital Technology Innovation Enhances Indigenous Peoples' E-Participation In Climate Change Resilience-Building: Perspectives Under The ""E-Gis Smart, Inclusive, And, Climate-Resilient Indigenous Peoples Landscape And Community Clearing-House Mechanism Solution""",manga_digitaltechnologyinnovationenhances_2023,"Manga, Sylvestre-Jose-Tidiane",Journal Of Environmental Planning And Management,2023,10.1080/09640568.2022.2078690
Advanced Processing Of Multiplatform Remote Sensing Imagery For The Monitoring Of Coastal And Mountain Ecosystems,marcello_advancedprocessingmultiplatformremote_2021,"Marcello, Javier and Eugenio, Francisco and Gonzalo-Martin, Consuelo and Rodriguez-Esparragon, Dionisio and Marques, Ferran",Ieee Access,2021,10.1109/access.2020.3046657
The Utility Of Infrequent Snow Depth Images For Deriving Continuous Space-Time Estimates Of Seasonal Snow Water Equivalent,margulis_utilityinfrequentsnowdepth_2019,"Margulis, Steven A. and Fang, Yiwen and Li, Dongyue and Lettenmaier, Dennis P. and Andreadis, Konstantinos",Geophysical Research Letters,2019,10.1029/2019gl082507
Biophysical Characterization Of Protected Areas Globally Through Optimized Image Segmentation And Classification,martinezlopez_biophysicalcharacterizationprotectedglobally_2016,"Martinez-Lopez, Javier and Bertzky, Bastian and Javier Bonet-Garcia, Francisco and Bastin, Lucy and Dubois, Gregoire",Remote Sensing,2016,10.3390/rs8090780
"A Call For An Aloft Air Quality Monitoring Network: Need, Feasibility, And Potential Value",mathur_callaloftairquality_2018,"Mathur, Rohit and Hogrefe, Christian and Hakami, Amir and Zhao, Shunliu and Szykman, James and Hagler, Gayle",Environmental Science \& Technology,2018,10.1021/acs.est.8b02496
Detection And Mapping The Spatial Distribution Of Bracken Fern Weeds Using The Landsat 8 Oli New Generation Sensor,matongera_detectionmappingspatialdistribution_2017,"Matongera, Trylee Nyasha and Mutanga, Onisimo and Dube, Timothy and Sibanda, Mbulisi",International Journal Of Applied Earth Observation And Geoinformation,2017,10.1016/j.jag.2016.12.006
Justification For Site-Specific Weed Management Based On Ecology And Economics,maxwell_justificationsitespecificweed_2005,"Maxwell, BD and Luschei, EC",Weed Science,2005,10.1614/ws-04-071r2
Crowdsourcing To Enhance Insights From Satellite Observations,mazumdar_crowdsourcingenhanceinsightssatellite_2018,"Mazumdar, Suvodeep and Wrigley, Stuart N. and Ciravegna, Fabio and Pelloquin, Camille and Chapman, Sam and De Vendictis, Laura and Grandoni, Domenico and Ferri, Michele and Bolognini, Luca",NA,2018,10.1007/978-3-319-70878-2\_2
Geocolor: A Blending Technique For Satellite Imagery,miller_geocolorblendingtechniquesatellite_2020,"Miller, Steven D. and Lindsey, Daniel T. and Seaman, Curtis J. and Solbrig, Jeremy E.",Journal Of Atmospheric And Oceanic Technology,2020,10.1175/jtech-d-19-0134.1
"Digital Soil Texture Mapping And Spatial Transferability Of Machine Learning Models Using Sentinel-1, Sentinel-2, And Terrain-Derived Covariates",mirzaeitalarposhti_digitalsoiltexturemapping_2022,"Mirzaeitalarposhti, Reza and Shafizadeh-Moghadam, Hossein and Taghizadeh-Mehrjardi, Ruhollah and Demyan, Michael Scott",Remote Sensing,2022,10.3390/rs14235909
Comparison Of Multi-Source Satellite Data For Quantifying Water Quality Parameters In A Mining Environment,modiegi_comparisonmultisourcesatellite_2020,"Modiegi, Monaledi and Rampedi, Isaac T. and Tesfamichael, Solomon G.",Journal Of Hydrology,2020,10.1016/j.jhydrol.2020.125322
The Value Of Rapid Damage Assessment For Efficient Earthquake Response,moltchanova_rapiddamageassessmentefficient_2011,"Moltchanova, Elena and Khabarov, Nikolay and Obersteiner, Michael and Ehrlich, Daniele and Moula, Micheline",Safety Science,2011,10.1016/j.ssci.2011.03.008
Unmanned Aircraft In Nature Conservation: An Example From Plant Invasions,mullerova_unmannedaircraftnatureconservation_2017,"Mullerova, Jana and Bartalos, Tomas and Bruna, Josef and Dvorak, Petr and Vitkova, Michaela",International Journal Of Remote Sensing,2017,10.1080/01431161.2016.1275059
Measurement Of Seagrass Standing Crop Using Satellite And Digital Airborne Remote Sensing,mumby_measurementseagrassstandingcrop_1997,"Mumby, PJ and Green, EP and Edwards, AJ and Clark, CD",Marine Ecology Progress Series,1997,10.3354/meps159051
Uav Assisted Spatiotemporal Analysis And Management Of Bushfires: A Case Study Of The 2020 Victorian Bushfires,munawar_uavassistedspatiotemporalanalysis_2021,"Munawar, Hafiz Suliman and Ullah, Fahim and Khan, Sara Imran and Qadir, Zakria and Qayyum, Siddra",Fire-Switzerland,2021,10.3390/fire4030040
Conservation Impacts Of A Near Real-Time Forest Monitoring And Alert System For The Tropics,musinsky_conservationimpactsrealtime_2018,"Musinsky, John and Tabor, Karyn and Cano, Carlos A. and Ledezma, Juan Carlos and Mendoza, Eddy and Rasolohery, Andriambolantsoa and Sajudin, Ermayanti R.",Remote Sensing In Ecology And Conservation,2018,10.1002/rse2.78
"Correlation Of Publication Frequency Of Newspaper Articles With Environment And Public Health Issues In Fire-Prone Peatland Regions Of Riau In Sumatra, Indonesia",ohashi_correlationpublicationfrequencynewspaper_2021,"Ohashi, Masafumi and Kameda, Akihiro and Kozan, Osamu and Kawasaki, Masahiro and Iriana, Windy and Tonokura, Kenichi and Naito, Daisuke and Ueda, Kayo",Humanities \& Social Sciences Communications,2021,10.1057/s41599-021-00994-5
"Practicing Critical Zone Observation In Agricultural Landscapes: Communities, Technology, Environment And Archaeology",opitz_practicingcriticalzoneobservation_2023,"Opitz, Rachel and De Smedt, Philippe and Mayoral-Herrera, Victorino and Campana, Stefano and Vieri, Marco and Baldwin, Eamonn and Perna, Carolina and Sarri, Daniele and Verhegge, Jeroen",Land,2023,10.3390/land12010179
Exploring The Potential Value Of Satellite Remote Sensing To Monitor Chlorophyll-A For Us Lakes And Reservoirs,papenfus_exploringpotentialsatelliteremote_2020,"Papenfus, Michael and Schaeffer, Blake and Pollard, I, Amina and Loftin, Keith",Environmental Monitoring And Assessment,2020,10.1007/s10661-020-08631-5
Autonomous Unmanned Aerial Vehicles In Bushfire Management: Challenges And Opportunities,partheepan_autonomousunmannedaerialvehicles_2023,"Partheepan, Shouthiri and Sanati, Farzad and Hassan, Jahan",Drones,2023,10.3390/drones7010047
Assumption-Versus Data-Based Approaches To Summarizing Species' Ranges,peterson_assumptionversusdatabased_2018,"Peterson, A. Townsend and Navarro-Siguenza, Adolfo G. and Gordillo, Alejandro",Conservation Biology,2018,10.1111/cobi.12801
"Evaporative Fluxes And Surface Soil Moisture Retrievals In A Mediterranean Setting From Sentinel-3 And The ""Simplified Triangle""",petropoulos_evaporativefluxessurfacesoil_2020,"Petropoulos, George P. and Sandric, Ionut and Hristopulos, Dionissios and Carlson, Toby Nahum",Remote Sensing,2020,10.3390/rs12193192
Remotely Sensed Data For Ecosystem Analyses: Combining Hierarchy Theory And Scene Models,phinn_remotelysenseddataecosystem_2003,"Phinn, SR and Stow, DA and Franklin, J and Mertes, LAK and Michaelsen, J",Environmental Management,2003,10.1007/s00267-002-2837-x
"Assessing The Effects Of Severe Weather Events Through Remote Sensing On Samothrace, Greece: Applications For The Management Of Cultural Resources",plekhov_assessingeffectssevereweather_2018,"Plekhov, Daniel and Levine, I, Evan",Journal Of Archaeological Science-Reports,2018,10.1016/j.jasrep.2018.09.002
"Study Of Productivity And Biomass Above The Ground, Using Vegetation Indices In Plantations Of Tectona Grandis L. (Teak) Located In Guanacaste, Costa Rica",porrasgranados_studyproductivitybiomassground_2022,"Porras-Granados, V, Arleth and Arias-Aguilar, Dagoberto and Soto-Montoya, Casia and Rios-Garro, Vinicio",Tecnologia En Marcha,2022,10.18845/tm.v35i6.6229
Nasa?S Global Precipitation Measurement Mission: Leveraging Stakeholder Engagement \& Applications Activities To Inform Decision-Making,portier_nasaglobalprecipitationmeasurement_2023,"Portier, Andrea and Kirschbaum, Dalia and Gebremichael, Mekonnen and Kemp, Eric and Kumar, Sujay and Llabres, Iker and Snodgrass, Eric and Wegiel, Jerry",Remote Sensing Applications-Society And Environment,2023,10.1016/j.rsase.2022.100853
Evaluating The Potential Of Freely Available Multispectral Remotely Sensed Imagery In Mapping American Bramble (Rubus Cuneifolius),rajah_evaluatingpotentialfreelymultispectral_2018,"Rajah, Perushan and Odindi, John and Mutanga, Onisimo",South African Geographical Journal,2018,10.1080/03736245.2018.1461683
A Study Of Autonomous Small Satellite Constellations For Disaster Management And Deep Space Strategy,rashed_studyautonomoussatelliteconstellations_2022,"Rashed, Mohammed Irfan and Bang, Hyochoong",Remote Sensing,2022,10.3390/rs14236148
The Advantages Of Using Drones Over Space-Borne Imagery In The Mapping Of Mangrove Forests,ruwaimana_advantagesdronesspaceborne_2018,"Ruwaimana, Monika and Satyanarayana, Behara and Otero, Viviana and Muslim, Aidy M. and Syafiq, Muhammad A. and Ibrahim, Sulong and Raymaekers, Dries and Koedam, Nico and Dahdouh-Guebas, Farid",Plos One,2018,10.1371/journal.pone.0200288
Maximizing Societal Benefit Across Multiple Hyperspectral Earth Observation Missions: A User Needs Approach,schiavon_maximizingsocietalbenefitmultiple_2023,"Schiavon, Emma and Taramelli, Andrea and Tornato, Antonella and Lee, Christine M. and Luvall, Jeffrey C. and Uz, Stephanie Schollaert and Townsend, Philip A. and Cima, Valentina and Geraldini, Serena and Xuan, Alessandra Nguyen and Valentini, Emiliana and Miller, Charles E.",Journal Of Geophysical Research-Biogeosciences,2023,10.1029/2023jg007569
Remote Sensing Applications For Precision Agriculture: A Learning Community Approach,seelan_remotesensingapplicationsprecision_2003,"Seelan, SK and Laguette, S and Casady, GM and Seielstad, GA",Remote Sensing Of Environment,2003,10.1016/j.rse.2003.04.007
Evapotranspiration Estimation Using Sebal Algorithm Integrated With Remote Sensing And Experimental Methods,shamloo_evapotranspirationestimationsebalalgorithm_2021,"Shamloo, Nazila and Taghi Sattari, Mohammad and Apaydin, Halit and Valizadeh Kamran, Khalil and Prasad, Ramendra",International Journal Of Digital Earth,2021,10.1080/17538947.2021.1962996
Remote Sensing And Site-Specific Weed Management,shaw_remotesensingsitespecific_2005,"Shaw, DR",Frontiers In Ecology And The Environment,2005,10.1890/1540-9295(2005)003[0526:rsaswm]2.0.co;2
On The Contribution Of Satellite Altimetry-Derived Water Surface Elevation To Hydrodynamic Model Calibration In The Han River,shen_contributionsatellitealtimetryderived_2020,"Shen, Youjiang and Liu, Dedi and Jiang, Liguang and Yin, Jiabo and Nielsen, Karina and Bauer-Gottwein, Peter and Guo, Shenglian and Wang, Jun",Remote Sensing,2020,10.3390/rs12244087
Overview And Applications Of The New York State Mesonet Profiler Network,shrestha_overviewapplicationsyorkmesonet_2021,"Shrestha, Bhupal and Brotzge, J. A. and Wang, J. and Bain, N. and Thorncroft, C. D. and Joseph, E. and Freedman, J. and Perez, S.",Journal Of Applied Meteorology And Climatology,2021,10.1175/jamc-d-21-0104.1
Accessing Satellite Imagery For Disaster Response Through The International Charter: Lessons Learned From The 2011 Us Midwestern Floods,sivanpillai_accessingsatelliteimagerydisaster_2017,"Sivanpillai, Ramesh and Jones, Brenda K. and Lamb, Rynn M.",Space Policy,2017,10.1016/j.spacepol.2017.08.003
Monitoring And Early Warning Systems - A Design For Human Survival,skyttner_monitoringwarningsystemsdesign_2002,"Skyttner, L",Kybernetes,2002,10.1108/03684920210417292
Exploring The Potential Of Google Earth As A Communication And Engagement Tool In Collaborative Natural Flood Management Planning,smith_exploringpotentialgoogleearth_2020,"Smith, Katherine and Berry, Robert and Clarke, Lucy E.",Geographical Journal,2020,10.1111/geoj.12323
"Economic Comparison Of Satellite, Plane And Uav-Acquired Ndvi Images For Site-Specific Nitrogen Application: Observations From Italy",sozzi_economiccomparisonsatelliteplane_2021,"Sozzi, Marco and Kayad, Ahmed and Gobbo, Stefano and Cogato, Alessia and Sartori, Luigi and Marinello, Francesco",Agronomy-Basel,2021,10.3390/agronomy11112098
The Enmap Hyperspectral Imager- : An Advanced Optical Payload For Future Applications In Earth Observation Programmes,stuffler_enmaphyperspectralimageradvanced_2007,"Stuffler, T. and Kaufmann, C. and Hofer, S. and Foerster, K. P. and Schreier, G. and Mueller, A. and Eckardt, A. and Bach, H. and Penne, B. and Benz, U. and Haydn, R.",Acta Astronautica,2007,10.1016/j.actaastro.2007.01.033
Grid-Scale Agricultural Land And Water Management: A Remote-Sensing-Based Multiobjective Approach,tang_gridscaleagriculturalland_2020,"Tang, Yikuan and Zhang, Fan and Engel, Bernard A. and Liu, Xiao and Yue, Qiong and Guo, Ping",Journal Of Cleaner Production,2020,10.1016/j.jclepro.2020.121792
Discharge Estimation And Forecasting By Modis And Altimetry Data In Niger-Benue River,tarpanelli_dischargeestimationforecastingmodis_2017,"Tarpanelli, Angelica and Amarnath, Giriraj and Brocca, Luca and Massari, Christian and Moramarco, Tommaso",Remote Sensing Of Environment,2017,10.1016/j.rse.2017.04.015
The Added Value Of A Proposed Satellite Imager For Ground Level Particulate Matter Analyses And Forecasts,timmermans_addedproposedsatelliteimager_2009,"Timmermans, Renske M. A. and Segers, Arjo J. and Builtjes, Peter J. H. and Vautard, Robert and Siddans, Richard and Elbern, Hendrik and Tjemkes, Stephen A. T. and Schaap, Martijn",Ieee Journal Of Selected Topics In Applied Earth Observations And Remote Sensing,2009,10.1109/jstars.2009.2034613
Conceptual Case For Assimilating Interferometric Synthetic Aperture Radar Data Into The Hazus-Mh Earthquake Module,tralli_conceptualassimilatinginterferometricsynthetic_2007,"Tralli, David M. and Blom, Ronald G. and Fielding, Eric J. and Donnellan, Andrea and Evans, Diane L.",Ieee Transactions On Geoscience And Remote Sensing,2007,10.1109/tgrs.2007.895848
Remote Sensing For Ecosystem Services And Urban Sustainability,trinder_remotesensingecosystemservices_2021,"Trinder, John C.",Photogrammetric Engineering And Remote Sensing,2021,10.14358/pers.87.3.189
Construction Of Super-Resolution Model Of Remote Sensing Image Based On Deep Convolutional Neural Network,wei_constructionsuperresolutionmodel_2021,"Wei, Zikang and Liu, Yunqing",Computer Communications,2021,10.1016/j.comcom.2021.06.022
Assessing Impacts Of Mining: Recent Contributions From Gis And Remote Sensing,werner_assessingimpactsminingrecent_2019,"Werner, T. T. and Bebbington, Anthony and Gregory, Gillian",Extractive Industries And Society,2019,10.1016/j.exis.2019.06.011
Development Of A Multi-Spatial Resolution Approach To The Surveillance Of Active Fire Lines Using Himawari-8,wickramasinghe_developmentmultispatialresolution_2016,"Wickramasinghe, Chathura H. and Jones, Simon and Reinke, Karin and Wallace, Luke",Remote Sensing,2016,10.3390/rs8110932
The Rocky Road From Research To Operations For Satellite Ocean-Colour Data In Fishery Management,wilson_rockyroadresearchoperations_2011,"Wilson, Cara",Ices Journal Of Marine Science,2011,10.1093/icesjms/fsq168
Comprehensive Analysis For Long-Term Hydrological Simulation By Deep Learning Techniques And Remote Sensing,xu_comprehensiveanalysistermhydrological_2022,"Xu, Chaowei and Wang, Yizhen and Fu, Hao and Yang, Jiashuai",Frontiers In Earth Science,2022,10.3389/feart.2022.875145
Disaster Management And Virtual Globes: A High Potential For Developing Countries,zeug_disastermanagementvirtualglobes_2013,"Zeug, Gunter and Brunner, Dominik",NA,2013,10.4018/978-1-4666-2038-4.ch095
A Sensor Web And Web Service-Based Approach For Active Hydrological Disaster Monitoring,zhai_sensorwebwebservice_2016,"Zhai, Xi and Yue, Peng and Zhang, Mingda",Isprs International Journal Of Geo-Information,2016,10.3390/ijgi5100171
Depthwise Separable Convolution Neural Network For High-Speed Sar Ship Detection,zhang_depthwiseseparableconvolutionneural_2019,"Zhang, Tianwen and Zhang, Xiaoling and Shi, Jun and Wei, Shunjun",Remote Sensing,2019,10.3390/rs11212483
Technological Innovations Bringing Spatial Technology To Precision Agriculture In The Northern Great Plains,zhang_technologicalinnovationsbringingspatial_2014,"Zhang, Xiaodong and Seelan, Santhosh and Nowatzki, John",Technology And Innovation,2014,10.3727/194982414x13971392823271
Satellite-Based Et Mapping To Assess Variation In Et With Timing Of Crop Development,tasumi_satellitebasedmappingassess_2007,"Tasumi, Masahiro and Allen, Richard G.",Agricultural Water Management,2007,10.1016/j.agwat.2006.08.010
Application Of China-Brazil Earth Resources Satellite In China,qiaoyuliangandzhaoshangminandliuzhenandjiabei_applicationchinabrazilearth_2009,Qiao Yuliang and Zhao Shangmin and Liu Zhen and Jia Bei,Advances In Space Research,2009,10.1016/j.asr.2008.07.015
Centers For Space Science And Technology Education - A United-Nations Initiative,abiodun_centersspacesciencetechnology_1993,"ABIODUN, AA",International Journal Of Remote Sensing,1993,10.1080/01431169308953992
Assessing The Impact Of L-Band Observations On Drought And Flood Risk Estimation: A Decision-Theoretic Approach In An Osse Environment,kumar_assessingimpactbandobservations_2014,"Kumar, Sujay V. and Harrison, Kenneth W. and Peters-Lidard, Christa D. and Santanello, Jr., Joseph A. and Kirschbaum, Dalia",Journal Of Hydrometeorology,2014,10.1175/jhm-d-13-0204.1
A Daily 25km Short-Latency Rainfall Product For Data-Scarce Regions Based On The Integration Of The Global Precipitation Measurement Mission Rainfall And Multiple-Satellite Soil Moisture Products,massari_daily25kmshortlatency_2020,"Massari, Christian and Brocca, Luca and Pellarin, Thierry and Abramowitz, Gab and Filippucci, Paolo and Ciabatta, Luca and Maggioni, Viviana and Kerr, Yann and Prieto, Diego Fernandez",Hydrology And Earth System Sciences,2020,10.5194/hess-24-2687-2020
