author,year,title,doi,key,notes
ACIL Tasman,2008,The Impact Of Modern Spatial Information Technologies On The Australian Economy,https://www.crcsi.com.au/assets/resources/e2b13d9b-9be9-4338-ad68-b6758f759355.pdf,aciltasman_impactmodernspatialinformation_2008,NA
"Adams, Richard",2002,The Benefits To Mexican Agriculture Of An El Niño-Southern Oscillation (Enso) Early Warning System,https://doi.org/10.1016/s0168-1923(02)00201-0,adams_benefitsmexicanagricultureel_2002,NA
"Adams, Richard",1995,Value Of Improved Long-Range Weather Information,https://doi.org/10.1111/j.1465-7287.1995.tb00720.x,adams_improvedrangeweatherinformation_1995,NA
"Al-Ekabi, Cenan",2018,Reflecting On A Decade Of Collaboration Between Nasa And Usaid: Deriving Value From Space For International Development,978-3-319-72465-2,alekabi_reflectingdecadecollaborationnasa_2018,NA
"Alvino, Letizia",2019,Investigating The Global Socio-Economic Benefits Of Satellite Industry And Remote Sensing Applications,https://research.tilburguniversity.edu/en/publications/investigating-the-global-socio-economic-benefits-of-satellite-ind,alvino_investigatingglobalsocioeconomic_2019,NA
"Amegnaglo, Coco",2017,"Contingent Valuation Study Of The Benefits Of Seasonal Climate Forecasts For Maize Farmers In The Republic Of Benin, West Africa",http://dx.doi.org/10.1016/j.cliser.2017.06.007,amegnaglo_contingentvaluationstudybenefits_2017,NA
"Anderson, Katherine",2017,Earth Observation In Service Of The 2030 Agenda For Sustainable Development,https://doi.org/10.1080/10095020.2017.1333230,anderson_earthobservationservice2030_2017,NA
"Andries, Ana",2022,Using Data From Earth Observation To Support Sustainable Development Indicators: An Analysis Of The Literature And Challenges For The Future,10.3390/su14031191,andries_dataearthobservationsupport_2022,NA
"Babcock, Bruce",1990,The Value Of Weather Information In Market Equilibrium,https://doi.org/10.2307/1243145,babcock_weatherinformationmarketequilibrium_1990,NA
"Barker, Louisa",2021,Leveraging The Power Of Location Information And Technologies To Improve Public Services At The Local Level,https://doi.org/10.2760/67126,barker_leveragingpowerlocationinformation_2021,NA
"Barrie, L.",2010,Earth Observations And Health Decisions,https://www.isprs.org/proceedings/xxxviii/part8/headline/geo%20special%20session%20-%201/geo12_20100320035836.pdf,barrie_earthobservationshealthdecisions_2010,NA
"Berenter, Jared",2021,Valuing User Preferences For Geospatial Fire Monitoring In Guatemala,10.3390/su132112077,berenter_valuinguserpreferencesgeospatial_2021,NA
"Bernknopf, Richard",2021,Earth Observations Can Enable Cost-Effective Conservation Of Eastern North Pacific Blue Whales: A Value Of Information Analysis,https://media.rff.org/documents/earth_observations_can_enable_cost-effective_conservation_of._bm_rb_ld.pdf,bernknopf_earthobservationsenablecost_2021,NA
"Bernknopf, Richard",2015,Economic Assessment Of The Use Value Of Geospatial Information,https://doi.org/10.3390/ijgi4031142,bernknopf_economicassessmentgeospatialinformation_2015,NA
"Bernknopf, R.",2021,Monetising The Savings Of Remotely Sensed Data And Information In Burn Area Emergency Response (Baer) Wildfire Assessment,10.1071/wf19209,bernknopf_monetisingsavingsremotelysensed_2021,NA
"Bernknopf, Richard",2018,The Value Of Remotely Sensed Information: The Case Of A Grace-Enhanced Drought Severity Index,10.1175/wcas-d-16-0044.1,bernknopf_remotelysensedinformationgrace_2018,NA
"Bernkopf, Richard",1997,Estimating The Social Value Of Geologic Map Information: A Regulatory Application,https://doi.org/10.1006/jeem.1996.0963,bernkopf_estimatingsocialgeologicmap_1997,NA
"Bernkopf, Richard",1993,Societal Value Of Geologic Maps,https://doi.org/10.3133/cir1111,bernkopf_societalgeologicmaps_1993,NA
"Bernkopf, Richard",2003,The Role Of Geoscience Information In Reducing Catastrophic Loss Using A Web-Based Economics Experiment,https://pubs.usgs.gov/pp/1683/,bernkopf_rolegeoscienceinformationreducing_2003,NA
"Blum, Richard",2020,California’s Covid-19 Economic Shutdown Reveals The Fingerprint Of Systemic Environmental Racism,https://doi.org/10.31219/osf.io/e86mh,blum_california’scovid19economic_2020,NA
"Bonfour, A.",1993,The European Earth Observation Data Processing And Interpretation Services: Analysis Of The Sector And Conditions For Its Development,https://doi.org/10.1080/01431169308904365,bonfour_europeanearthobservationdata_1993,NA
"Bouma, Jetske A.",2011,Assessing The Value Of Earth Observation For Managing Coral Reefs: An Example From The Great Barrier Reef,10.1016/j.scitotenv.2011.07.023,bouma_assessingearthobservationmanaging_2011,NA
"Bouma, Jetske A.",2009,Assessing The Value Of Information For Water Quality Management In The North Sea,10.1016/j.jenvman.2008.07.016,bouma_assessinginformationwaterquality_2009,NA
"Bouma, Jetske A.",2009,The Value Of Earth Observation For Managing The Great Barrier Reef,https://research.vu.nl/ws/portalfiles/portal/2608005/235180.pdf,bouma_earthobservationmanagingbarrier_2009,NA
"Bouma, Jetske",2009,The Value Of Earth Observation For Marine Water Quality Management,https://research.vu.nl/ws/portalfiles/portal/2607929/boumakuikvanderwoerddekker+final.pdf,bouma_earthobservationmarinewater_2009,NA
"Brathwaite, Joy",2013,Bayesian Framework For Assessing The Value Of Scientific Space Systems: Value Of Information Approach With Application To Earth Science Spacecraft,10.1016/j.actaastro.2012.10.036,brathwaite_bayesianframeworkassessingscientific_2013,NA
"Brown, Chloe",2022,Landscape Analysis Of Cobalt Mining Activities From 2009 To 2021 Using Very High Resolution Satellite Data (Democratic Republic Of The Congo),https://doi.org/10.3390/su14159545,brown_landscapeanalysiscobaltmining_2022,NA
"Bruins, Randall",2009,"A New Process For Organizing Assessments Of Social, Economic, And Environmental Outcomes: Case Study Of Wildland Fire Management In The Usa",https://doi.org/10.1897/ieam_2009-075.1,bruins_processorganizingassessmentssocial_2009,NA
"Bruno Soares, Marta",2017,Assessing The Usability And Potential Value Of Seasonal Climate Forecasts In Land Management Decisions In The Southwest Uk: Challenges And Reflections,https://doi.org/10.5194/asr-14-175-2017,brunosoares_assessingusabilitypotentialseasonal_2017,NA
"Bruno Soares, Marta",2018,Assessing The Value Of Seasonal Climate Forecasts For Decision-Making,https://doi.org/10.1002/wcc.523,brunosoares_assessingseasonalclimateforecasts_2018,NA
"Bush, Alex",2017,Connecting Earth Observation To High-Throughput Biodiversity Data,http://dx.doi.org/10.1038/s41559-017-0176,bush_connectingearthobservationthroughput_2017,NA
"Bye, Lilja Bente",2020,Integrated Capacity Building For Faster Up-Take Of Earth Observation Data In Knowledge Value Chains,https://doi.org/10.1088/1755-1315/509/1/012006,bye_integratedcapacitybuildingfaster_2020,NA
"Cabrera, Victor",2006,The Value Of Climate Information When Farm Programs Matter,https://doi.org/10.1016/j.agsy.2006.04.005,cabrera_climateinformationfarmprograms_2006,NA
"Chang, Paul",2009,Operational Use And Impact Of Satellite Remotely Sensed Ocean Surface Vector Winds In The Marine Warning And Forecasting Environment,https://doi.org/10.5670/oceanog.2009.49,chang_operationalimpactsatelliteremotely_2009,NA
"Chen, Chi-Chung",2002,Agricultural Value Of Enso Information Under Alternative Phase Definition,https://doi.org/10.1023/a:1016160218221,chen_agriculturalensoinformationalternative_2002,NA
"Chrysoulakis, Nektarios",2003,Integration Of Earth Observation And In-Situ Spatial Data For The Development Of A Decision Support Tool For Technological Risk Management,https://doi.org/10.1117/12.463236,chrysoulakis_integrationearthobservationsitu_2003,NA
"Clò, Stefano",2019,Earth Observation In A Cost-Benefit Analysis Perspective: Cosmo Skymed Satellites Of The Italian Space Agency,https://siecon3-607788.c.cdn77.org/sites/siecon.org/files/media_wysiwyg/111-morretta-vurchio.pdf,clo_earthobservationcostbenefit_2019,NA
"Cooke, Roger",2020,Market-Based Methods For Monetizing Uncertainty Reduction,https://doi.org/10.1007/s10669-019-09748-w,cooke_marketbasedmethodsmonetizing_2020,NA
"Cooke, Roger",2014,Value Of Information For Climate Observing Systems,10.1007/s10669-013-9451-8,cooke_informationclimateobservingsystems_2014,NA
"Costello, Christopher",2020,The Value Of El Niño Forecasts In The Management Of Salmon: A Stochastic Dynamic Assessment,https://dx.doi.org/10.2307/1244062,costello_elniñoforecastsmanagement_2020,NA
"Cristini, Luisa",2016,Cost And Value Of Multidisciplinary Fixed-Point Ocean Observatories,http://dx.doi.org/10.1016/j.marpol.2016.05.029,cristini_costmultidisciplinaryfixedocean_2016,NA
"Dengler, Klaus",2013,The Eoc Geoservice: Standardized Access To Earth Observation Data Sets And Value Added Products,https://elib.dlr.de/86351/1/2873827dengler.pdf,dengler_eocgeoservicestandardizedaccess_2013,NA
"Denis, Gil",2016,The Evolution Of Earth Observation Satellites In Europe And Its Impact On The Performance Of Emergency Response Services,http://dx.doi.org/10.1016/j.actaastro.2016.06.012,denis_evolutionearthobservationsatellites_2016,NA
"Destandau, Francois",2020,Spatio-Temporal Design For A Water Quality Monitoring Network Maximizing The Economic Value Of Information To Optimize The Detection Of Accidental Pollution,https://doi.org/10.1016/j.wre.2020.100156,destandau_spatiotemporaldesignwater_2020,NA
"Deveci, Husne S.",2016,The Benefits And Challenges Of Having An Open And Free Basis Satellite Data Sharing Platform In Turkey: Gezgin,doi:10.5194/isprsarchives-xli-b8-1341-2016,deveci_benefitschallengesfreebasis_2016,NA
"Dhu, Trevor",2017,Digital Earth Australia- Unlocking New Value From Earth Observation Data,https://doi.org/10.1080/20964471.2017.1402490,dhu_digitalearthaustraliaunlocking_2017,NA
"Diafas, Iason",2012,Willingness To Pay For Soil Information Derived By Digital Maps: A Choice Experiment Approach,https://doi.org/10.2136/vzj2012.0198,diafas_willingnesspaysoilinformation_2012,NA
"Diana, Shinta",2021,Economic Potential Of Oil Palm Plantation Using Remote Sensing-Based Technology In Indonesia,http://dx.doi.org/10.12695/ajtm.2021.14.1.2,diana_economicpotentialoilpalm_2021,NA
"Diana, Shinta Rahma",2020,Intangible Economic Benefit Of Remote Sensing Data In Indonesia,https://doi.org/10.20525/ijrbs.v9i7.941,diana_intangibleeconomicbenefitremote_2020,NA
Digital Earth Australia,2021,Extracting The Benefits Of Earth Observation,https://frontiersi.com.au/wp-content/uploads/2021/08/frontiersi_digitalearth_extractingearthobservation_final-report_aug-2021.pdf,digitalearthaustralia_extractingbenefitsearthobservation_2021,NA
"Dittrich, Ruth",2020,How To Measure The Economic Health Cost Of Wildfires – A Systematic Review Of The Literature For Northern America,https://doi.org/10.1071/wf19091,dittrich_measureeconomichealthcost_2020,NA
"Drake, Jeanette",2016,Communicating Climate-Change And Natural Hazard Risk And Cultivating Resilience,https://doi.org/10.1007/978-3-319-20161-0,drake_communicatingclimatechangenatural_2016,NA
"Drake, Jeanette",2014,New Trends In Earth-Science Outreach And Engagement,https://doi.org/10.1007/978-3-319-01821-8_10,drake_trendsearthscienceoutreach_2014,NA
"Dunn, Jennifer",2021,Data Science Applied To Sustainability Analysis,https://doi.org/10.1016/c2018-0-02415-9,dunn_datascienceappliedsustainability_2021,NA
"Durage, Samanthi",2016,Decision Analysis For Tornado Warning And Evacuation,http://dx.doi.org/10.1061/(asce)nh.1527-6996.0000195,durage_decisionanalysistornadowarning_2016,NA
"Durrieu, Sylvie",2013,Earth Observation From Space – The Issue Of Environmental Sustainability,https://doi.org/10.1016/j.spacepol.2013.07.003,durrieu_earthobservationspaceissue_2013,NA
"Eckman, Richard S.",2012,Ceos Contributions To Informing Energy Management And Policy Decision Making Using Space-Based Earth Observations,10.1016/j.apenergy.2011.03.001,eckman_ceoscontributionsinformingenergy_2012,NA
"Eerme, Tonis",2021,Value Generation Through Public Procurement Of Innovative Earth Observation Applications: Service-Dominant Logic Perspective,https://doi.org/10.1089/space.2021.0016,eerme_generationpublicprocurementinnovative_2021,NA
"Ehalt, D.H.",1980,In Situ Observations,https://www.jstor.org/stable/36442,ehalt_situobservations_1980,NA
"Ellison, Autumn",2012,Forest Service Spending On Large Wildfires In The West,http://hdl.handle.net/1794/19041,ellison_forestservicespendingwildfires_2012,NA
"Enenkel, Markus",2015,Linking Earth Observation And Mobile Technologies For Improved Decision-Support In Case Of Droughts And Related Food Insecurity,https://repositum.tuwien.at/retrieve/5603,enenkel_linkingearthobservationmobile_2015,NA
"Epstein, Edward S.",1962,A Bayesian Approach To Decision Making In Applied Meteorology,https://doi.org/10.1175/1520-0450(1962)001%3c0169:abatdm%3e2.0.co;2,epstein_bayesianapproachdecisionapplied_1962,NA
"Eyres, Harry",2017,Seeing Our Planet Whole: A Cultural And Ethical View Of Earth Observation,https://doi.org/10.1007/978-3-319-40603-9,eyres_planetculturalethicalview_2017,NA
"Ferreira, Bruno",2020,Monitoring Sustainable Development By Means Of Earth Observation Data And Machine Learning: A Review,https://doi.org/10.1186/s12302-020-00397-4,ferreira_monitoringsustainabledevelopmentmeans_2020,NA
"Flechsig, Michael",2000,"Weather Impacts On Natural, Social And Economic Systems",https://www.osti.gov/etdeweb/biblio/20108456,flechsig_weatherimpactsnaturalsocial_2000,NA
"Freebairn, John",2002,Economic Benefits Of Meteorological Services,https://doi.org/10.1017/s1350482702001044,freebairn_economicbenefitsmeteorologicalservices_2002,NA
"Frei, Thomas",2010,Economic And Social Benefits Of Meteorology And Climatology In Switzerland,https://doi.org/10.1002/met.156,frei_economicsocialbenefitsmeteorology_2010,NA
"Frei, Thomas",2014,Economic Benefit Of Meteorology In The Swiss Road Transportation Sector,economic benefit of meteorology in the swiss road transportation sector,frei_economicbenefitmeteorologyswiss_2014,NA
"Fried, Samantha",2019,Landsat In Contexts: Deconstructing And Reconstructing The Data-To-Action Paradigm In Earth Remote Sensing,https://vtechworks.lib.vt.edu/bitstream/handle/10919/89431/fried_sj_d_2019.pdf?isallowed=y&sequence=1,fried_landsatcontextsdeconstructingreconstructing_2019,NA
"Fritz, Steffen",2008,A Conceptual Framework For Assessing The Benefits Of A Global Earth Observation System Of Systems,10.1109/jsyst.2008.926688,fritz_conceptualframeworkassessingbenefits_2008,NA
"Fuchs, Eva-Maria",2015,"Fire Monitoring - The Use Of Medium Resolution Satellites (Avhrr, Modis, Tet) For Long Time Series Processing And The Implementation In User Driven Applications And Services",https://elib.dlr.de/95769/,fuchs_firemonitoringmediumresolution_2015,NA
"Fulop, Gyork",2013,From Data To Decision-Making - Experiences In Integrated Earth Observation (Ieo),https://doi.org/10.1080/10106049.2012.715205,fulop_datadecisionexperiencesintegrated_2013,NA
"Fussell, Jay",1986,On Defining Remote Sensing,https://www.asprs.org/wp-content/uploads/pers/1986journal/sep/1986_sep_1507-1511.pdf,fussell_definingremotesensing_1986,NA
"Ganas, A.",2004,"The Use Of Earth Observation And Decision Support Systems In The Restoration Of Open-Cast Nickel Mines In Evia, Central Greece",https://doi.org/10.1080/01431160310001638660,ganas_earthobservationdecisionsupport_2004,NA
"Giuliani, Gregory",2020,Essential Variables For Environmental Monitoring: What Are The Possible Contributions Of Earth Observation Data Cubes?,10.3390/data5040100,giuliani_essentialvariablesenvironmentalmonitoring_2020,NA
"Giuliani, Gregory",2020,Knowledge Generation Using Satellite Earth Observations To Support Sustainable Development Goals (Sdg): A Use Case On Land Degradation,https://doi.org/10.1016/j.jag.2020.102068,giuliani_knowledgegenerationsatelliteearth_2020,NA
"Giuliani, Gregory",2017,Live Monitoring Of Earth Surface (Limes): A Framework For Monitoring Environmental Changes From Earth Observations,10.1016/j.rse.2017.05.040,giuliani_livemonitoringearthsurface_2017,NA
"Glantz, Michael",1977,The Value Of A Long-Range Weather Forecast For The West African Sahel,https://www.jstor.org/stable/26218055,glantz_rangeweatherforecastwest_1977,NA
"Gleason, Louis",2022,As Seen From Space: Tele-Epidemiological Data As Pandemic Memory,https://ejournals.bc.edu/index.php/orac/article/view/15255,gleason_spaceteleepidemiologicaldata_2022,NA
Global Climate Observing System,2009,Progress Report On The Implementation Of The Global Observing System For Climate In Support Of The Unfccc 2004-2008 5,https://unfccc.int/resource/docs/2009/sbsta/eng/misc07.pdf,globalclimateobservingsystem_progressreportimplementationglobal_2009,NA
"Gomo, Fortune",2018,"Supporting Better Decisions Across The Nexus Of Water, Energy And Food Through Earth Observation Data: Case Of The Zambezi Basin",https://doi.org/10.5194/piahs-376-15-2018,gomo_supportingdecisionsnexuswater_2018,NA
"Gould, James",2012,Economic Evaluation Of Research To Improve The Canadian Forest Fire Danger Rating System,https://doi.org/doi:10.1093/forestry/cps082,gould_economicevaluationresearchimprove_2012,NA
"Graham, Nicholas",2006,Simulating The Value Of El Nino Forecasts For The Panama Canal,https://doi.org/10.1016/j.advwatres.2005.12.005,graham_simulatingelninoforecasts_2006,NA
"Grandjean, Gilles",2009,The Ecors System: A Mobility Decision-Making Tool Based On Earth Observation Data,https://10.1109/igarss.2009.5417657,grandjean_ecorssystemmobilitydecision_2009,NA
"Gui, Zhipeng",2013,"A Performance, Semantic And Service Qualityenhanced Distributed Search Engine For Improving Geospatial Resource Discovery",https://doi.org/10.1080/13658816.2012.739692,gui_performancesemanticservicequalityenhanced_2013,NA
"Gunasekera, Don",2010,Use Of Climate Information For Socio-Economic Benefits,https://doi.org/10.1016/j.proenv.2010.09.025,gunasekera_climateinformationsocioeconomic_2010,NA
"Häggquist, Elisabeth",2015,The Economic Value Of Geological Information: Synthesis And Directions For Future Research,10.1016/j.resourpol.2014.11.001,haggquist_economicgeologicalinformationsynthesis_2015,NA
"Halsing, David",2004,A Cost-Benefit Analysis Of The National Map,https://doi.org/10.3133/cir1271,halsing_costbenefitanalysisnational_2004,NA
"Hansen, James",2009,Potential Value Of Gcm-Based Seasonal Rainfall Forecasts For Maize Management In Semi-Arid Kenya,https://doi.org/10.1016/j.agsy.2009.03.005,hansen_potentialgcmbasedseasonal_2009,NA
"Hansen, James",2002,"Realizing The Potential Benefits Of Climate Prediction To Agriculture: Issues, Approaches, Challenges",https://doi.org/10.1016/s0308-521x(02)00043-4,hansen_realizingpotentialbenefitsclimate_2002,NA
"Harris, Ray",2000,Archives For Earth Observation Data,pii: s 0 2 6 5 - 9 6 4 6 ( 0 0 ) 0 0 0 2 6 - 6,harris_archivesearthobservationdata_2000,NA
"Harris, Ray",2011,Earth Observation And The Public Good,http://doi:10.1016/j.spacepol.2011.09.010,harris_earthobservationpublic_2011,NA
"Harris, Ray",2015,Open Data Policies And Satellite Earth Observation,https://doi.org/10.1016/j.spacepol.2015.01.001,harris_datapoliciessatelliteearth_2015,NA
"Harris, Ray",2000,Pricing Policy And Legal Issues: 6th And 7th Eopole Workshops,pii: s0265-9646(00)00039-4,harris_pricingpolicylegalissues_2000,NA
"Hautala, Raine",2008,Benefits Of Meteorological Services In South Eastern Europe,978-951-38-7170-3,hautala_benefitsmeteorologicalservicessouth_2008,NA
"Herr, Vincent",2020,A Method For Estimating The Socioeconomic Impact Of Earth Observations In Wildland Fire Suppression Decisions,10.1071/wf18237,herr_methodestimatingsocioeconomicimpact_2020,NA
"Hertzfeld, Henry",2004,Weather Satellites And The Economic Value Of Forecasts: Evidence From The Electric Power Industry,https://doi.org/10.1016/j.actaastro.2004.05.015,hertzfeld_weathersatelliteseconomicforecasts_2004,NA
"Hrycyna, Elizabeth",2022,Satellite Observations Of No2 Indicate Legacy Impacts Of Redlining In U.s. Midwestern Cities,https://doi.org/10.1525/elementa.2022.00027,hrycyna_satelliteobservationsno2legacy_2022,NA
"Huerta, Joaquín",2014,Connecting A Digital Europe Through Location And Place,https://doi.org/10.1007/978-3-319-03611-3,huerta_connectingdigitaleuropelocation_2014,NA
"Jakhu, R.S.",2017,Global Space Governance: An International Study,https://doi.org/10.1007/978-3-319-54364-2,jakhu_globalspacegovernanceinternational_2017,NA
"Jin, Di",2008,The Value Of Harmful Algal Bloom Predictions To The Nearshore Commercial Shellfish Fishery In The Gulf Of Maine,https://doi.org/10.1016/j.hal.2008.03.002,jin_harmfulalgalbloompredictions_2008,NA
"Jones, J.W.",2000,Potential Benefits Of Climate Forecasting To Agriculture,https://doi.org/10.1016/s0167-8809(00)00225-5,jones_potentialbenefitsclimateforecasting_2000,NA
"Kaiser, Mark",2004,The Potential Value Of Improved Ocean Observation Systems In The Gulf Of Mexico,https://doi.org/10.1016/j.marpol.2003.11.002,kaiser_potentialimprovedoceanobservation_2004,NA
"Kaje, Janne",2008,The Value Of Short-Run Climate Forecasts In Managing The Coastal Coho Salmon (Oncorhynchus Kisutch) Fishery In Washington State,https://doi.org/10.1111/j.1939-7445.2007.tb00210.x,kaje_shortrunclimateforecasts_2008,NA
"Kaloudis, S.T.",2005,A Decision Support System For Forest Fire Management,https://doi.org/10.1007/bf02944167,kaloudis_decisionsupportsystemforest_2005,NA
"Katz, Richard",1987,Decision-Analytic Assessment Of The Economic Value Of Weather Forecasts: The Fallowing/Planting Problem,https://doi.org/10.1002/for.3980060202,katz_decisionanalyticassessmenteconomic_1987,NA
"Katz, Richard",1997,Economic Value Of Weather And Climate Forecasts,https://doi.org/10.1017/cbo9780511608278,katz_economicweatherclimateforecasts_1997,NA
"Kaufman, Y.J.",2003,"Fire And Smoke Observed From The Earth Observing System Modis Instrument-Products, Validation, And Operational Use",https://doi.org/10.1080/01431160210144741,kaufman_firesmokeobservedearth_2003,NA
"Kenkel, Phil",1995,Agricultural Producers' Willingness To Pay For Real-Time Mesoscale Weather Information,https://www.jstor.org/stable/40987744,kenkel_agriculturalproducerswillingnesspay_1995,NA
"Kenneth, Thompson",2007,"A Political History Of U.s. Commercial Remote Sensing, 1984-2007: Conflict, Collaboration, And The Role Of Knowledge In The High-Tech World Of Earth Observation Satellites",https://vtechworks.lib.vt.edu/handle/10919/30235,kenneth_politicalhistoryu.scommercial_2007,NA
"Khabarov, Nikolay",2008,Valuing Weather Observation Systems For Forest Fire Management,10.1109/jsyst.2008.925979,khabarov_valuingweatherobservationsystems_2008,NA
"Kite-Powell, Hauke",2003,Economics Of An Integrated Ocean Observing System,https://doi.org/10.4031/002533203787537276,kitepowell_economicsintegratedoceanobserving_2003,NA
"Kite-Powell, Hauke",2011,The Value Of Ocean Surface Wind Information For Maritime Commerce,https://doi.org/10.4031/mtsj.45.1.13,kitepowell_oceansurfacewindinformation_2011,NA
"Klafft, Michael",2011,Assessing The Economic Value Of Early Warning Systems,https://ssrn.com/abstract=1843258,klafft_assessingeconomicwarningsystems_2011,NA
"Koike, Toshio",2010,The Global Earth Observation System Of Systems (Geoss): Supporting The Needs Of Decision Making In Societal Benefit Areas,http://www.isprs.org/proceedings/xxxviii/part8/pdf/geo11_20100324010955.pdf,koike_globalearthobservationsystem_2010,NA
"Koppa, Akash",2021,A Scalable Earth Observations-Based Decision Support System For Hydropower Planning In Africa,https://doi.org/10.1111/1752-1688.12914,koppa_scalableearthobservationsbased_2021,NA
"Kramer, Herbert",2002,Observation Of The Earth And Its Environment,https://doi.org/10.1007/978-3-642-56294-5,kramer_observationearthenvironment_2002,NA
"Kuse, Jamie",2017,Geovalue: The Socioeconomic Value Of Geospatial Information,9781315154640,kuse_geovaluesocioeconomicgeospatialinformation_2017,NA
"Laha, Arnab",2021,"Application Of Earth Observation Dataset And Multi-Criteria Decision-Making Technique For Forest Fire Risk Assessment In Sikkim, India",https://doi.org/10.18520/cs/v121/i8/1022-1031,laha_applicationearthobservationdataset_2021,NA
"Lautenbacher, Conrad",2006,The Global Earth Observation System Of Systems: Science Serving Society,10.1016/j.spacepol.2005.12.004,lautenbacher_globalearthobservationsystem_2006,NA
"Lawford, Richard",2019,A Design For A Data And Information Service To Address The Knowledge Needs Of The Water-Energy-Food (W-E-F) Nexus And Strategies To Facilitate Its Implementation,https://doi.org/10.3389/fenvs.2019.00056,lawford_designdatainformationservice_2019,NA
"Laxminarayan, Ramanan",2012,The Value Of Information: Methodological Frontiers And New Applications In Environment And Health,10.1007/978-94-007-4839-2,laxminarayan_informationmethodologicalfrontiersapplications_2012,NA
"Lazo, Jeffrey",2002,Economic Value Of Current And Improved Weather Forecasts In The U.s. Household Sector,https://www.researchgate.net/profile/jeffrey-lazo/publication/268415603_economic_value_of_current_and_improved_weather_forecasts_in_the_us_household_sector/links/570ebb3d08aee328dd6548c7/economic-value-of-current-and-improved-weather-forecasts-in-the-us-household-sector.pdf,lazo_economiccurrentimprovedweather_2002,NA
"Lee, B.S.",2002,Information Systems In Support Of Wildland Fire Management Decision Making In Canada,https://doi.org/10.1016/s0168-1699(02)00120-5,lee_informationsystemssupportwildland_2002,NA
"Lee, Christina",2013,Using Earth Observations To Enhance Water Resources Decision-Making And Disaster Assessment Processes In The United States And The Developing World,https://doi.org/10.1109/ghtc.2013.6713738,lee_earthobservationsenhancewater_2013,NA
"Lehmann, Anthony",2022,Essential Earth Observation Variables For High-Level Multi-Scale Indicators And Policies,https://doi.org/10.1016/j.envsci.2021.12.024,lehmann_essentialearthobservationvariables_2022,NA
"Lehmann, Anthony",2020,Geoessential- Mainstreaming Workflows From Data Sources To Environmental Policy Indicators With Essential Variables,https://doi.org/10.1080/17538947.2019.1585977,lehmann_geoessentialmainstreamingworkflowsdata_2020,NA
"Lehmann, Anthony",2014,Reviewing Innovative Earth Observation Solutions For Filling Science-Policy Gaps In Hydrology,https://doi.org/10.1016/j.jhydrol.2014.05.059,lehmann_reviewinginnovativeearthobservation_2014,NA
"Letson, David",2007,Economic Value Of Hurricane Forecasts: An Overview And Research Needs,10.1061/(asce)1527-6988(2007)8:3(78),letson_economichurricaneforecastsoverview_2007,NA
"Letson, David",2009,Value Of Perfect Enso Phase Predictions For Agriculture: Evaluating The Impact Of Land Tenure And Decision Objectives,https://doi.org/10.1007/s10584-009-9600-8,letson_perfectensophasepredictions_2009,NA
"Li, Jonathan",2007,Geomatics Solutions For Disaster Management,https://doi.org/10.1007/978-3-540-72108-6,li_geomaticssolutionsdisastermanagement_2007,NA
"Liao, Shu-Yi",2010,Estimating The Value Of El Niño Southern Oscillation Information In A Regional Water Market With Implications For Water Management,https://doi.org/10.1016/j.jhydrol.2010.09.008,liao_estimatingelniñosouthern_2010,NA
"Lim, Theodore",2019,Use Of The Mchargian Lusa In Agricultural Research And Decisionmaking In The Age Of Non-Stationarity And Big Earth Observation Data,https://doi.org/10.1007/s42532-019-00022-6,lim_mchargianlusaagriculturalresearch_2019,NA
"Lines, Clara",2018,Do Users Benefit From Additional Information In Support Of Operational Drought Management Decisions In The Ebro Basin?,10.5194/hess-22-5901-2018,lines_usersbenefitadditionalinformation_2018,NA
"Longhorn, Roger",2007,"Geographic Information: Value, Pricing, Production, And Consumption",https://doi.org/10.1201/9781420005172,longhorn_geographicinformationpricingproduction_2007,NA
"Loomis, John",2015,Valuing Geospatial Information: Using The Contingent Valuation Method To Estimate The Economic Benefits Of Landsat Satellite Imagery,10.14358/pers.81.8.647,loomis_valuinggeospatialinformationcontingent_2015,NA
"Luseno, Winnie",2003,Assessing The Value Of Climate Forecast Information For Pastoralists: Evidence From Southern Ethiopia And Northern Kenya,https://doi.org/10.1016/s0305-750x(03)00113-x,luseno_assessingclimateforecastinformation_2003,NA
"Lustosa Brito, Patricia",2013,Empowering Brazilian Unprivileged Communities With High Geotechnological Tools,https://icaci.org/files/documents/icc_proceedings/icc2013/_extendedabstract/316_proceeding.pdf,lustosabrito_empoweringbrazilianunprivilegedcommunities_2013,NA
"Macauley, Molly",2007,Ascribing Societal Benefit To Applied Remote Sensing Data Products: An Examination Of Methodologies Based On The Multi-Angle Imaging Spectroradiometer Experience,10.1117/1.2799981,macauley_ascribingsocietalbenefitapplied_2007,NA
"Macauley, Molly K.",2009,Earth Observations In Social Science Research For Management Of Natural Resources And The Environment: Identifying The Landsat Contribution,https://docs.lib.purdue.edu/jto/vol1/iss2/art6,macauley_earthobservationssocialscience_2009,NA
"Macauley, Molly",2010,From Science To Applications: Determinants Of Diffusion In The Use Of Earth Observations,https://dx.doi.org/10.2139/ssrn.1565485,macauley_scienceapplicationsdeterminantsdiffusion_2010,NA
"Macauley, Molly",1992,Supplying Earth-Observation Data From Space,https://doi.org/10.1016/0265-9646(92)90006-h,macauley_supplyingearthobservationdata_1992,NA
"Macauley, Molly K.",2006,The Value Of Information: Measuring The Contribution Of Space-Derived Earth Science Data To Resource Management,10.1016/j.spacepol.2006.08.003,macauley_informationmeasuringcontributionspace_2006,NA
"Macauley, Molly",2010,The Value Of Information: ‘Methodological Frontiers And New Applications For Realizing Social Benefit’ Workshop,https://doi.org/10.1016/j.spacepol.2010.08.007,macauley_informationmethodologicalfrontiersapplications_2010,NA
"Mackenzie, Bev",2019,The Role Of Stakeholders In Creating Societal Value From Coastal And Ocean Observations,10.3389/fmars.2019.00137,mackenzie_rolestakeholderscreatingsocietal_2019,NA
"Martin, James",2008,Using Architecture Modeling To Assess The Societal Benefits Of The Global Earth Observation System-Of-Systems,10.1109/jsyst.2008.925974,martin_architecturemodelingassesssocietal_2008,NA
"Masami, Onoda",2017,Satellite Earth Observations And Their Impact On Society And Policy,https://doi.org/10.1007/978-981-10-3713-9,masami_satelliteearthobservationsimpact_2017,NA
"Mattal, Shagun",2022,Linking Poverty-Based Inequalities With Transportation And Accessibility Using Mobility Data: A Case Study Of Greater Maputo,https://doi.org/10.1177/03611981221116623,mattal_linkingpovertybasedinequalities_2022,NA
"Mazzetti, Paolo",2022,Knowledge Formalization For Earth Science Informed Decision-Making: The Geoessential Knowledge Base,https://doi.org/10.1016/j.envsci.2021.12.023,mazzetti_knowledgeformalizationearthscience_2022,NA
"McCallum, Ian",2008,Banda Aceh-The Value Of Earth Observation Data In Disaster Recovery And Reconstruction: A Case Study,http://pure.iiasa.ac.at/8741/,mccallum_bandaacehearthobservation_2008,NA
"McDonald, Spencer",2019,Web-Based Decision Support System Tools: The Soil And Water Assessment Tool Online Visualization And Analyses (Swatonline) And Nasa Earth Observation Data Downloading And Reformatting Tool,https://doi.org/10.1016/j.envsoft.2019.104499,mcdonald_webbaseddecisionsupport_2019,NA
"Meza, Francisco",2008,Economic Value Of Seasonal Climate Forecasts For Agriculture: Review Of Ex-Ante Assessments And Recommendations For Future Research,https://doi.org/10.1175/2007jamc1540.1,meza_economicseasonalclimateforecasts_2008,NA
"Miller, Benjamin",2018,The Not-So-Marginal Value Of Weather Warning Systems,https://doi.org/10.1175/wcas-d-16-0093.1,miller_marginalweatherwarningsystems_2018,NA
"Millner, Antony",2008,Getting The Most Out Of Ensemble Forecasts: A Valuation Model Based On User–Forecast Interactions,https://doi.org/10.1175/2008jamc1899.1,millner_ensembleforecastsvaluationmodel_2008,NA
"Mjelde, James",1996,Government Institutional Effects On The Value Of Seasonal Climate Forecasts,https://doi.org/10.2307/1243789,mjelde_governmentinstitutionaleffectsseasonal_1996,NA
"Mjelde, James",1989,The Socioeconomic Value Of Climate And Weather Forecasting: A Review,https://www.isws.illinois.edu/pubdoc/mp/iswsmp-112.pdf,mjelde_socioeconomicclimateweatherforecasting_1989,NA
"Mohammed, Inrahim N.",2018,Improved Hydrological Decision Support System For The Lower Mekong River Basin Using Satellite-Based Earth Observations,https://doi.org/10.3390/rs10060885,mohammed_improvedhydrologicaldecisionsupport_2018,NA
"Molder, Edmund",2022,Landsat Data Ecosystem Case Study: Actor Perceptions Of The Use And Value Of Landsat,10.3389/fenvs.2021.805174,molder_landsatdataecosystemstudy_2022,NA
"Morain, S.A.",2006,Integrating Earth Observation Data Into Geospatial Databases That Support Public Health Decisions,https://www.isprs.org/proceedings/xxxvi/part4/wg-viii-2-2.pdf,morain_integratingearthobservationdata_2006,NA
"Morrs, Rebecca",2008,Societal And Economic Research And Applications For Weather Forecasts,https://doi.org/10.1175/bams-89-3-335,morrs_societaleconomicresearchapplications_2008,NA
"Muchoney, Douglas",2008,Earth Observations For Terrestrial Biodiversity And Ecosystems,http://dx.doi.org/10.1016/j.rse.2008.01.003,muchoney_earthobservationsterrestrialbiodiversity_2008,NA
"Müller, Daniel",2013,"The Value Of Satellite-Based Active Fire Data For Monitoring, Reporting And Verification Of Redd+ In The Lao Pdr",https://doi.org/10.1007/s10745-013-9565-0,muller_satellitebasedactivefire_2013,NA
"Nagabhatla, Nidhi",2009,"Investigation Of Aquaculture Dynamics At A Ramsar Site, Using Earth Observation Systems In Conjunction With A Socio-Economic Assessment",https://doi.org/10.1111/j.1440-1770.2009.00413.x,nagabhatla_investigationaquaculturedynamicsramsar_2009,NA
"Namian, D.",1985,Analysis Of Past Funding For Noaa's Satellite Programs,https://archive.org/details/dtic_ada165070,namian_analysispastfundingnoaa's_1985,NA
National Oceanic and Atmospheric Administration,2011,Identifying Methods For Quantifying The Societal Impacts Of The National Oceanic And Atmospheric Administration,https://www.researchgate.net/publication/353247247_noaa_science_challenge_workshop_identifying_methods_for_quantifying_the_societal_impacts_of_the_national_oceanic_and_atmospheric_administration,nationaloceanicandatmosphericadministration_identifyingmethodsquantifyingsocietal_2011,NA
"Navalgund, Ranganath",2006,Indian Earth Observation Programme Towards Societal Benefits: Geoss Perspective,https://doi.org/10.1117/12.697269,navalgund_indianearthobservationprogramme_2006,NA
"Nelson, James",2019,Enabling Stakeholder Decision-Making With Earth Observation And Modeling Data Using Tethys Platform,https://doi.org/10.3389/fenvs.2019.00148,nelson_enablingstakeholderdecisionearth_2019,NA
"Notley, Tanya",2016,Visual Evidence From Above: Assessing The Value Of Earth Observation Satellites For Supporting Human Rights,https://ro.uow.edu.au/cgi/viewcontent.cgi?article=5028&context=sspapers,notley_visualevidenceassessingearth_2016,NA
"Oddo, Perry",2019,The Value Of Near Real-Time Earth Observations For Improved Flood Disaster Response,10.3389/fenvs.2019.00127,oddo_realtimeearthobservations_2019,NA
"Oikonomou, Panagiotis",2019,Enhancing The Standardized Drought Vulnerability Index By Integrating Spatiotemporal Information From Satellite And In Situ Data,https://doi.org/10.1016/j.jhydrol.2018.11.058,oikonomou_enhancingstandardizeddroughtvulnerability_2019,NA
"Ovienmhada, Ufuoma",2021,Inclusive Design Of Earth Observation Decision Support Systems For Environmental Governance: A Case Study Of Lake Nokoué,10.3389/fclim.2021.717418,ovienmhada_inclusivedesignearthobservation_2021,NA
"Park, Sun-Young",2018,The Public Value Of Improving A Weather Forecasting System In Korea: A Choice Experiment Study,https://doi.org/10.1080/00036846.2017.1368995,park_publicimprovingweatherforecasting_2018,NA
"Parselia, Elisavat",2019,"Satellite Earth Observation Data In Epidemiological Modeling Of Malaria, Dengue And West Nile Virus: A Scoping Review",https://doi.org/10.3390/rs11161862,parselia_satelliteearthobservationdata_2019,NA
"Pavone, Rosario",2014,Economic Benefits Expected From Earth Observation Applications. The Case Of The Eu Fp7 Itaca Project,978-163439986-9,pavone_economicbenefitsexpectedearth_2014,NA
"Pearlman, Francoise",2008,Creation And Operation Of A Global Earth Observation System Of Systems,https://doi.org/10.1109/oceans.2008.5289425,pearlman_creationoperationglobalearth_2008,NA
"Peck, Stephen",1993,Global Warming Uncertainties And The Value Of Information: An Analysis Using Ceta,https://doi.org/10.1016/0928-7655(93)90019-q,peck_globalwarminguncertaintiesinformation_1993,NA
"Perrels, Adriaan",2013,Socio-Economic Benefits Of Weather And Climate Services In Europe,https://doi.org/10.5194/asr-10-65-2013,perrels_socioeconomicbenefitsweather_2013,NA
"Perrels, Adriaan",2012,Weather Service Chain Analysis (Wsca) - An Approach For Appraisal Of The Social-Economic Benefits Of Improvements In Weather Services,https://www.researchgate.net/publication/233776312_weather_service_chain_analysis_wsca_-_an_approach_for_appraisal_of_the_social-economic_benefits_of_improvements_in_weather_services/link/0c96051d41704df50a000000/download,perrels_weatherservicechainanalysis_2012,NA
"Petersen, E.H.",2001,An Assessment Of The Value Of Seasonal Forecasting Technology For Western Australian Farmers,https://doi.org/10.1016/s0308-521x(01)00012-9,petersen_assessmentseasonalforecastingtechnology_2001,NA
"Petrou, Zisis",2015,Remote Sensing For Biodiversity Monitoring: A Review Of Methods For Biodiversity Indicator Extraction And Assessment Of Progress Towards International Targets,https://doi.org/10.1007/s10531-015-0947-z,petrou_remotesensingbiodiversitymonitoring_2015,NA
"Pettorelli, Nathalie",2014,"Satellite Remote Sensing, Biodiversity Research And Conservation Of The Future",10.1098/rstb.2013.0190,pettorelli_satelliteremotesensingbiodiversity_2014,NA
"Plag, Hans-Peter",2019,A Transformative Concept: From Data Being Passive Objects To Data Being Active Subjects,10.3390/data4040135,plag_transformativeconceptdatapassive_2019,NA
"Plag, Hans-Peter",2009,Earth Observations As Decision Support For Adaptation And Mitigation Strategies In Response To Coastal Sea Level Rise,http://hpplag.com/publications/pubs/2009_plag_lsl_isrse_paper.pdf,plag_earthobservationsdecisionsupport_2009,NA
"Plag, Hans-Peter",2013,Labeling Geo-Referenced Information In Support Of Data Sharing And The Facilitating Of Societal Benefits Of Earth Observations,http://dx.doi.org/10.1051/e3sconf/20130128004,plag_labelinggeoreferencedinformation_2013,NA
"Powell, A",2006,"Noaa-Isro Joint Science Projects On Earth Observation System Science, Technology, And Applications For Societal Benefits",https://doi.org/10.1117/12.694020,powell_noaaisrojointscience_2006,NA
"Quiroga, Sonia",2011,The Economic Value Of Drought Information For Water Management Under Climate Change: A Case Study In The Ebro Basin,https://doi.org/10.5194/nhess-11-643-2011,quiroga_economicdroughtinformationwater_2011,NA
"Ramirez-Reyes, Carlos",2019,Reimagining The Potential Of Earth Observations For Ecosystem Service Assessments,10.1016/j.scitotenv.2019.02.150,ramirezreyes_reimaginingpotentialearthobservations_2019,NA
"Raunikar, Ronald",2013,What Is The Economic Value Of Satellite Imagery?,https://pubs.usgs.gov/fs/2013/3003/,raunikar_economicsatelliteimagery_2013,NA
"Reid, Jack",2020,"Decision Support Model And Visualization For Assessing Environmental Phenomena, Ecosystem Services, Policy Consequences, And Satellite Design Using Earth Observation Data",https://hdl.handle.net/1721.1/128378,reid_decisionsupportmodelvisualization_2020,NA
"Reid, Jack",2020,"Interactive Model For Assessing Mangrove Health, Ecosystem Services, Policy Consequences, And Satellite Design In Rio De Janeiro Using Earth Observation Data",https://hdl.handle.net/1721.1/129598,reid_interactivemodelassessingmangrove_2020,NA
"Remillard, C.M.",2016,Bridging The Gap Between Nasa Earth Observations And Decision Makers Through The Nasa Develop National Program,https://doi.org/10.5194/isprsarchives-xli-b6-145-2016,remillard_bridginggapnasaearth_2016,NA
"Robinove, Charles",1973,Value And Validity Of Earth Resources Observations From Space,https://doi.org/10.1080/02626667309494008,robinove_validityearthresourcesobservations_1973,NA
"Rodrigues, Joao",2016,The Economic Value Of Seasonal Forecasts: Stochastic Economywide Analysis For East Africa,https://papers.ssrn.com/sol3/papers.cfm?abstract_id=2820148,rodrigues_economicseasonalforecastsstochastic_2016,NA
"Rollins, Kimberly",2003,Using Willingness‐To‐Pay To Assess The Economic Value Of Weather Forecasts For Multiple Commercial Sectors,https://doi.org/10.1017/s1350482703005048,rollins_willingnesspayassesseconomic_2003,NA
"Ross, Kenton",2009,A Professional Review For Integration Of Earth Observations Into Fews Net Decision Support,978-161567322-3,ross_professionalreviewintegrationearth_2009,NA
"Shao, Anthony",2014,Quantifying The Cost Reduction Potential For Earth Observation Satellites,https://smad.com/wp-content/uploads/2014/11/rs-paper_final.pdf,shao_quantifyingcostreductionpotential_2014,NA
"Sharda, Vaishali",2016,Value Of Enso-Forecasted Drought Information For The Management Of Water Resources Of Small To Mid-Size Communities,https://doi.org/10.13031/trans.59.11589,sharda_ensoforecasteddroughtinformation_2016,NA
"Shorr, Bernard",1966,The Cost/Loss Utility Ratio,https://www.jstor.org/stable/26173275,shorr_costlossutilityratio_1966,NA
"Shukla, Shraddhanand",2021,Enhancing Access And Usage Of Earth Observations In Environmental Decision-Making In Eastern And Southern Africa Through Capacity Building,10.3389/fsufs.2021.504063,shukla_enhancingaccessusageearth_2021,NA
"Shukla, Shraddhanand",2021,Enhancing The Application Of Earth Observations For Improved Environmental Decision-Making Using The Early Warning Explorer (Ewx),10.3389/fclim.2020.583509,shukla_enhancingapplicationearthobservations_2021,NA
"Siddiqi, Alfreen",2020,Valuation Of Calibration For Satellite Constellations,https://digitalcommons.usu.edu/calcon/calcon2020/all2020content/30/,siddiqi_valuationcalibrationsatelliteconstellations_2020,NA
"Smart, Alan",2014,Position Paper: Evaluation Methods And Techniques,https://www.geovalue.org/wp-content/uploads/2013/05/background-position-paper-smart1.pdf,smart_positionpaperevaluationmethods_2014,NA
"Smythe, Isabella",2022,Geographic Microtargeting Of Social Assistance With High-Resolution Poverty Maps,https://doi.org/10.1073/pnas.2120025119,smythe_geographicmicrotargetingsocialassistance_2022,NA
"Solís, Patricia",2018,Engaging Global Youth In Participatory Spatial Data Creation For The Un Sustainable Development Goals: The Case Of Open Mapping For Malaria Prevention,https://doi.org/10.1016/j.apgeog.2018.07.013,solis_engagingglobalyouthparticipatory_2018,NA
"Solow, Andrew",1998,The Value Of Improved Enso Prediction To U.s. Agriculture,https://doi.org/10.1023/a:1005342500057,solow_improvedensopredictionu.s_1998,NA
"Song, Yongze",2021,Earth Observation For Sustainable Infrastructure: A Review,https://doi.org/10.3390/rs13081528,song_earthobservationsustainableinfrastructure_2021,NA
"Stel, Jan H.",1996,A Benefit-Cost Analysis Of A Regional Global Ocean Observing System: Seawatch Europe,https://doi.org/10.1016/0308-597x(96)00029-2,stel_benefitcostanalysisregional_1996,NA
"Stroming, Signe",2020,Quantifying The Human Health Benefits Of Using Satellite Information To Detect Cyanobacterial Harmful Algal Blooms And Manage Recreational Advisories In U.s. Lakes,10.1029/2020gh000254,stroming_quantifyinghumanhealthbenefits_2020,NA
"Sullivan, Daniel",2018,Using Satellite Data To Fill The Gaps In The Us Air Pollution Monitoring Network,https://www.rff.org/valuables/impact-assessments/,sullivan_satellitedatafillgaps_2018,NA
"Sundararajan, Venkatesan",2015,Stakeholder Value Network (Svn) Analysis For Indian Earth Observation Program,https://doi.org/10.2514/6.2015-4635,sundararajan_stakeholdernetworksvnanalysis_2015,NA
"Sutherland, Timothy",2012,Program Goals For The Nasa/Noaa Earth Observation Program Derived From A Stakeholder Value Network Analysis,http://dx.doi.org/10.1016/j.spacepol.2012.09.007,sutherland_programgoalsnasanoaa_2012,NA
"Tassa, Alessandra",2022,"On-Going European Space Agency Activities On Measuring The Benefits Of Earth Observations To Society: Challenges, Achievements And Next Steps",10.3389/fenvs.2022.788843,tassa_europeanspaceagencyactivities_2022,NA
"Teillet, P.M.",2002,Toward Integrated Earth Sensing: The Role Of In Situ Sensing,https://www.isprs.org/proceedings/xxxiv/part1/paper/00097.pdf,teillet_integratedearthsensingrole_2002,NA
"Thangavel, Kathiravan",2022,Near Real-Time Wildfire Management Using Distributed Satellite System,https://doi.org/10.1109/lgrs.2022.3229173,thangavel_realtimewildfiremanagement_2022,NA
"Thapa, Rajesh",2019,Capacity Building Approach And Application: Utilization Of Earth Observation Data And Geospatial Information Technology In The Hindu Kush Himalaya,https://doi.org/10.3389/fenvs.2019.00165,thapa_capacitybuildingapproachapplication_2019,NA
"Thompson, J.",1955,The Economic Utility Of Weather Forecasts,https://journals.ametsoc.org/view/journals/mwre/83/11/1520-0493_1955_083_0249_teuowf_2_0_co_2.xml?tab_body=pdf,thompson_economicutilityweatherforecasts_1955,NA
"Thompson, Matthew",2011,Integrated National-Scale Assessment Of Wildfire Risk To Human And Ecological Values,https://doi.org/10.1007/s00477-011-0461-0,thompson_integratednationalscaleassessment_2011,NA
"Thompson, Matthew",2011,Uncertainty And Risk In Wildland Fire Management: A Review,https://doi.org/10.1016/j.jenvman.2011.03.015,thompson_uncertaintyriskwildlandfire_2011,NA
"Thomson, Dana",2019,Extending Data For Urban Health Decision-Making: A Menu Of New And Potential Neighborhood-Level Health Determinants Datasets In Lmics,https://doi.org/10.1007/s11524-019-00363-3,thomson_extendingdataurbanhealth_2019,NA
"van Loenen, Bastiaan",2009,"Sdi Convergence: Research, Emerging Trends, And Critical Assessment",978 90 6132 310 5,vanloenen_sdiconvergenceresearchemerging_2009,NA
"Virapongse, Arika",2020,Ten Rules To Increase The Societal Value Of Earth Observations,10.1007/s12145-020-00453-w,virapongse_tenrulesincreasesocietal_2020,NA
"Voigt, Stefan",2007,Satellite Image Analysis For Disaster And Crisis-Management Support,https://doi.org/10.1109/tgrs.2007.895830,voigt_satelliteimageanalysisdisaster_2007,NA
"Voss, Katalyn",2013,Groundwater Depletion In The Middle East From Gracewith Implications For Transboundary Water Management In The Tigris-Euphrates-Western Iran Region,https://agupubs.onlinelibrary.wiley.com/doi/epdf/10.1002/wrcr.20078#lw100,voss_groundwaterdepletionmiddleeast_2013,NA
"Wehn, Uta",2015,The Social Innovation Potential Of Ict-Enabled Citizen Observatories To Increase Eparticipation In Local Flood Risk Management,https://doi.org/10.1016/j.techsoc.2015.05.002,wehn_socialinnovationpotentialict_2015,NA
"Weigland, Matthias",2019,Remote Sensing In Environmental Justice Research—A Review,http://dx.doi.org/10.3390/ijgi8010020,weigland_remotesensingenvironmentaljustice_2019,NA
"Wellman, Katharine",2008,Potential Benefits Of Coastal Ocean Observing Systems To Alaskan Commercial Fisheries,https://doi.org/10.1080/08920750701868051,wellman_potentialbenefitscoastalocean_2008,NA
"Whitcraft, A.K.",2020,Nasa Harvest(Ing) Earth Observations For Informed Agricultural Decisions,https://doi.org/10.1109/igarss39084.2020.9324176,whitcraft_nasaharvestingearth_2020,NA
"Wieand, Kenneth",2008,A Bayesian Methodology For Estimating The Impacts Of Improved Coastal Ocean Information On The Marine Recreational Fishing Industry,http://10.1080/08920750701866436,wieand_bayesianmethodologyestimatingimpacts_2008,NA
"Wilks, D.S.",2001,A Skill Score Based On Economic Value For Probability Forecasts,https://doi.org/10.1017/s1350482701002092,wilks_skillscorebasedeconomic_2001,NA
"Woodhouse, Iaian",2009,Towards Best Practice In Earth Observation Research In Developing Countries,https://www.infona.pl/resource/bwmeta1.element.ieee-art-000005417650?&locale=en,woodhouse_practiceearthobservationresearch_2009,NA
"Wu, Bingfang",2020,Cloud Services With Big Data Provide A Solution For Monitoring And Tracking Sustainable Development Goals,https://doi.org/10.1016/j.geosus.2020.03.006,wu_cloudservicesdataprovide_2020,NA
"Yang, Wenze",2016,"Satellite Climate Data Records: Development, Applications, And Societal Benefits",https://doi.org/10.3390/rs8040331,yang_satelliteclimatedatarecords_2016,NA
"Zaitchik, Benjamin",2008,Assimilation Of Grace Terrestrial Water Storage Data Into A Land Surface Model: Results For The Mississippi River Basin,https://doi.org/10.1175/2007jhm951.1,zaitchik_assimilationgraceterrestrialwater_2008,NA
"Zell, Erica",2012,A User-Driven Approach To Determining Critical Earth Observation Priorities For Societal Benefit,10.1109/jstars.2012.2199467,zell_userdrivenapproachdetermining_2012,NA
"Zhou, Guoqing",2005,Future Earth Observation Strategy For Societal Benefits,https://doi.org/10.1109/igarss.2005.1526433,zhou_futureearthobservationstrategy_2005,NA
"Zhu, Zhe",2019,Benefits Of The Free And Open Landsat Data Policy,https://doi.org/10.1016/j.rse.2019.02.016,zhu_benefitsfreelandsatdata_2019,NA
"Ziolkowska, Jadwiga R.",2017,Benefits And Beneficiaries Of The Oklahoma Mesonet: A Multisectoral Ripple Effect Analysis,https://doi.org/10.1175/wcas-d-16-0139.1,ziolkowska_benefitsbeneficiariesoklahomamesonet_2017,NA
"Ziolkowska, Jadwiga R.",2018,Economic Value Of Environmental And Weather Information For Agricultural Decisions – A Case Study For Oklahoma Mesonet,https://doi.org/10.1016/j.agee.2018.07.008,ziolkowska_economicenvironmentalweatherinformation_2018,NA
"Kansakar, Patistha",2016,A Review Of Applications Of Satellite Earth Observation Data For Global Societal Benefit And Stewardship Of Planet Earth,10.1016/j.spacepol.2016.05.005,kansakar_reviewapplicationssatelliteearth_2016,NA
[AEOCCG]Australian Earth Observation Community Coordinating Group,2016,Australian Earth Observation Community Plan 2026,https://www.eoa.org.au/aeocp-the-plan,australianearthobservationcommunitycoordinatinggroup_australianearthobservationcommunity_2016,NA
[ESA]European Space Agency,2019,Advancing The Understanding And Measurement Of The Societal Benefits Of Earth Observations,https://geovalue.org/wp-content/uploads/2020/05/proceedings4_eo_value_ws_191031-published.pdf,europeanspaceagency_advancingunderstandingmeasurementsocietal_2019,NA
[ESA]European Space Agency,2015,Earth Observation Science Strategy For Esa: A New Era For Scientific Advances And Societal Benefits,https://esamultimedia.esa.int/multimedia/publications/sp-1329_1/sp-1329-1.pdf,europeanspaceagency_earthobservationsciencestrategy_2015,NA
"Borzacchiello, Maria-Teresa",2011,Socio-Economic Benefits From The Use Of Earth Observations,https://doi.org/10.2788/78532,borzacchiello_socioeconomicbenefitsearth_2011,NA
"Clark, John",2020,Assessing The Full Effects Of Public Investment In Space,http://dx.doi.org/10.1016/j.spacepol.2014.03.001,clark_assessingeffectspublicinvestment_2014,NA
"Destandau, Francois",2016,An Analysis Of The Value Of Additional Information Provided By Water Quality Measurement Network,http://dx.doi.org/10.4236/jwarp.2016.88062,destandau_analysisadditionalinformationprovided_2016,NA
"Fisher, Rohan",2017,Free Satellite Imagery And Digital Elevation Model Analyses Enabling Natural Resource Management In The Developing World: Studies From Eastern Indonesia,https://doi.org/10.1111/sjtg.12210,fisher_freesatelliteimagerydigital_2017,NA
"Forney, W.M.",2012,An Economic Value Of Remote-Sensing Information—Application To Agricultural Production And Maintaining Groundwater Quality,https://pubs.usgs.gov/pp/1796/,forney_economicremotesensinginformation_2012,NA
"Leidig, Mathias",2015,Data Poverty: A Global Evaluation For 2009 To 2013- Implications For Sustainable Development And Disaster Risk Reduction,https://doi.org/10.1016/j.jag.2016.03.001,leidig_datapovertyglobalevaluation_2016,NA
"Macauley, Molly",2006,Ascribing Societal Benefit To Environmental Observations Of Earth From Space,https://dx.doi.org/10.2139/ssrn.901785,macauley_ascribingsocietalbenefitenvironmental_2006,NA
"Miller, Holly",2013,"Users, Uses, And Value Of Landsat Satellite Imagery - Results From The 2012 Survey Of Users",http://dx.doi.org/10.3133/ofr20131269,miller_userslandsatsatelliteimagery_2013,NA
"Musa, Zahrah",2010,Satellite Earth Observation Value-Added Service In The Nigerian Economy,https://doi.org/10.13140/2.1.2805.5845,musa_satelliteearthobservationadded_2010,NA
"Pearlman, Francoise",2019,"Demonstrating The Value Of Earth Observations- Methods, Practical Applications And Solutions -Group On Earth Observations Side Event Proceedings",https://doi.org/10.3133/ofr20191033,pearlman_demonstratingearthobservationsmethods_2019,NA
"Rydzak, Felicjan",2010,Impact Of Global Earth Observation –Systemic View Across Geoss Societal Benefit Areas,10.2902/1725-0463.2010.05.art9,rydzak_impactglobalearthobservation_2010,NA
"Serbina, Larisa",2014,Landsat And Water—Case Studies Of The Uses And Benefits Of Landsat Imagery In Water Resources,http://dx.doi.org/10.3133/ofr20141108,serbina_landsatwaterstudiesbenefits_2014,NA
"Williamson, Ray A.",2002,The Socioeconomic Benefits Of Earth Science And Applications Research: Reducing The Risks And Costs Of Natural Disasters,pii: s 0265-9646(01)00057-1,williamson_socioeconomicbenefitsearthscience_2002,NA
"Morretta, Valentina",2022,The Socio-Economic Value Of Scientific Publications: The Case Of Earth Observation Satellites,10.1016/j.techfore.2022.121730,NA,morretta_socioeconomicscientificpublications_2022
"Starr-McCluer, Martha",2000,The Effects Of Weather On Retail Sales,https://doi.org/10.17016/feds.2000.08,NA,starrmccluer_effectsweatherretailsales_2000
"Tassa, Alessandra",2020,"The Socio-Economic Value Of Satellite Earth Observations: Huge, Yet To Be Measured",10.1080/17487870.2019.1601565,NA,tassa_socioeconomicsatelliteearth_2020
