title,author,year,key,pdf_out,csv_out
"Smart Environmental Monitoring and Assessment Technologies (Semat)---a New Paradigm for Low-Cost, Remote Aquatic Environmental Monitoring","Trevathan, J. and Johnstone, R.",2018,trevathan_smartenvironmentalmonitoringassessment_2018,C:/Users/casey/Documents/github/sp1_systematic_map/_data/5d_classifier_round2/pdf/trevathan_2018_smart_environmental_monitoring_and.pdf,C:/Users/casey/Documents/github/sp1_systematic_map/_data/5d_classifier_round2/csv/trevathan_2018_smart_environmental_monitoring_and.csv
Earth Observations into Action: The Systemic Integration of Earth Observation Applications into National Risk Reduction Decision Structures,"Borges, D. E. and Ramage, S. and Green, D. and Justice, C. and Nakalembe, C. and Whitcraft, A. and Barker, B. and {Becker-Reshef}, I. and Balagizi, C. and Salvi, S. and Ambrosia, V. and {San-Miguel-Ayanz}, J. and Boschetti, L. and Field, R. and Giglio, L. and Kuhle, L. and Low, F. and Kettner, A. and Schumann, G. and Brakenridge, G. R. and Adler, R. and Kontoes, H. and De Boissezon, H. and Eddy, A. and Kirschbaum, D. and Emberson, R. and Cooley, S. and Lloyd, S. and Blake, C. and Reichenbach, K.",2023,borges_earthobservationsactionsystemic_2023,C:/Users/casey/Documents/github/sp1_systematic_map/_data/5d_classifier_round2/pdf/borges_2023_earth_observations_into_action.pdf,C:/Users/casey/Documents/github/sp1_systematic_map/_data/5d_classifier_round2/csv/borges_2023_earth_observations_into_action.csv
Agronomic Performance and Remote Sensing Assessment of Organic and Mineral Fertilization in Rice Fields,"Marti-Jerez}, Karen and {Catala-Forner}, Mar and Tomas, Nuria and Murillo, Gemma and Ortiz, Carlos and {Sanchez-Torres}, Maria Jose and Vitali, Andrea and Lopes, Marta S.",2023,martijerez_agronomicperformanceremotesensing_2023,C:/Users/casey/Documents/github/sp1_systematic_map/_data/5d_classifier_round2/pdf/martijerez_2023_agronomic_performance_and_remote.pdf,C:/Users/casey/Documents/github/sp1_systematic_map/_data/5d_classifier_round2/csv/martijerez_2023_agronomic_performance_and_remote.csv
Satellite Analysis Ready Data for the Sustainable Development Goals,"Killough, B. D.",2022,killough_satelliteanalysisreadydata_2022,C:/Users/casey/Documents/github/sp1_systematic_map/_data/5d_classifier_round2/pdf/killough_2022_satellite_analysis_ready_data.pdf,C:/Users/casey/Documents/github/sp1_systematic_map/_data/5d_classifier_round2/csv/killough_2022_satellite_analysis_ready_data.csv
Integrating Multisensor Satellite Data Merging and Image Reconstruction in Support of Machine Learning for Better Water Quality Management,"Chang, Ni-Bin and Bai, Kaixu and Chen, Chi-Farn",2017,chang_integratingmultisensorsatellitedata_2017,C:/Users/casey/Documents/github/sp1_systematic_map/_data/5d_classifier_round2/pdf/chang_2017_integrating_multisensor_satellite_data.pdf,C:/Users/casey/Documents/github/sp1_systematic_map/_data/5d_classifier_round2/csv/chang_2017_integrating_multisensor_satellite_data.csv
Review of Fews Net Biophysical Monitoring Requirements,"Ross, K. W. and Brown, M. E. and Verdin, J. P. and Underwood, L. W.",2009,ross_reviewfewsnetbiophysical_2009,C:/Users/casey/Documents/github/sp1_systematic_map/_data/5d_classifier_round2/pdf/ross_2009_review_of_fews_net.pdf,C:/Users/casey/Documents/github/sp1_systematic_map/_data/5d_classifier_round2/csv/ross_2009_review_of_fews_net.csv
Increasing the Use of Earth Science Data and Models in Air Quality Management,"Milford, Jana B. and Knight, Daniel",2017,milford_increasingearthsciencedata_2017,C:/Users/casey/Documents/github/sp1_systematic_map/_data/5d_classifier_round2/pdf/milford_2017_increasing_the_use_of.pdf,C:/Users/casey/Documents/github/sp1_systematic_map/_data/5d_classifier_round2/csv/milford_2017_increasing_the_use_of.csv
Remote Sensing in Support for Monitoring Rice in the Senegal Catchment,"Lefrancq, Marie and Diarra, Mamadou and Hane, Ousmane and Lhuissier, Ludovic and Ndour, Thierno and Thumerel, Bernard and Toumiat, Farouk and Yena, Mama",2020,lefrancq_remotesensingsupportmonitoring_2020,C:/Users/casey/Documents/github/sp1_systematic_map/_data/5d_classifier_round2/pdf/lefrancq_2020_remote_sensing_in_support.pdf,C:/Users/casey/Documents/github/sp1_systematic_map/_data/5d_classifier_round2/csv/lefrancq_2020_remote_sensing_in_support.csv
A Global Vision for Monitoring Ecosystem Services with Satellite Sensors,"Alcaraz-Segura}, D. and Di Bella, C. M.",2013,alcarazsegura_globalvisionmonitoringecosystem_2013,C:/Users/casey/Documents/github/sp1_systematic_map/_data/5d_classifier_round2/pdf/alcarazsegura_2013_a_global_vision_for.pdf,C:/Users/casey/Documents/github/sp1_systematic_map/_data/5d_classifier_round2/csv/alcarazsegura_2013_a_global_vision_for.csv
Remote Sensing for Restoration Planning: How the Big Picture Can Inform Stakeholders,"Cordell, Susan and Questad, Erin J. and Asner, Gregory P. and Kinney, Kealoha M. and Thaxton, Jarrod M. and Uowolo, Amanda and Brooks, Sam and Chynoweth, Mark W.",2017,cordell_remotesensingrestorationplanning_2017,C:/Users/casey/Documents/github/sp1_systematic_map/_data/5d_classifier_round2/pdf/cordell_2017_remote_sensing_for_restoration.pdf,C:/Users/casey/Documents/github/sp1_systematic_map/_data/5d_classifier_round2/csv/cordell_2017_remote_sensing_for_restoration.csv
Runoff Estimation in the Upper Reaches of the Heihe River Using an Lstm Model with Remote Sensing Data,"Xue, Huazhu and Liu, Jie and Dong, Guotao and Zhang, Chenchen and Jia, Dao",2022,xue_runoffestimationupperreaches_2022,C:/Users/casey/Documents/github/sp1_systematic_map/_data/5d_classifier_round2/pdf/xue_2022_runoff_estimation_in_the.pdf,C:/Users/casey/Documents/github/sp1_systematic_map/_data/5d_classifier_round2/csv/xue_2022_runoff_estimation_in_the.csv
Value of Airborne Laser Scanning and Digital Aerial Photogrammetry Data in Forest Decision Making,"Kangas, A. and Gobakken, T. and Puliti, S. and Hauglin, M. and Naesset, E.",2018,kangas_airbornelaserscanningdigital_2018,C:/Users/casey/Documents/github/sp1_systematic_map/_data/5d_classifier_round2/pdf/kangas_2018_value_of_airborne_laser.pdf,C:/Users/casey/Documents/github/sp1_systematic_map/_data/5d_classifier_round2/csv/kangas_2018_value_of_airborne_laser.csv
Integrating Remote Sensing in Natura 2000 Habitat Monitoring: Prospects on the Way Forward,"Vanden Borre, J. and Paelinckx, D. and M{\""u}cher, C. A. and Kooistra, L. and Haest, B. and De Blust, G. and Schmidt, A. M.",2011,vandenborre_integratingremotesensingnatura_2011,C:/Users/casey/Documents/github/sp1_systematic_map/_data/5d_classifier_round2/pdf/vandenborre_2011_integrating_remote_sensing_in.pdf,C:/Users/casey/Documents/github/sp1_systematic_map/_data/5d_classifier_round2/csv/vandenborre_2011_integrating_remote_sensing_in.csv
The Six Dimensions of Value Associated to the Use of Copernicus Sentinel Data: Key Findings from the Sentinel Benefits Study,"Sawyer, Geoff and Mamais, Eleftherios and Papadakis, Dimitri",2022,sawyer_dimensionscopernicussentineldata_2022,C:/Users/casey/Documents/github/sp1_systematic_map/_data/5d_classifier_round2/pdf/sawyer_2022_the_six_dimensions_of.pdf,C:/Users/casey/Documents/github/sp1_systematic_map/_data/5d_classifier_round2/csv/sawyer_2022_the_six_dimensions_of.csv
An Inter-Comparison Exercise of Sentinel-2 Radiometric Validations Assessed by Independent Expert Groups,"Lamquin, Nicolas and Woolliams, Emma and Bruniquel, Veronique and Gascon, Ferran and Gorrono, Javier and Govaerts, Yves and Leroy, Vincent and Lonjou, Vincent and Alhammoud, Bahjat and Barsi, Julia A. and {Czapla-Myers}, Jeffrey S. and McCorkel, Joel and Helder, Dennis and Lafrance, Bruno and Clerc, Sebastien and Holben, Brent N.",2019,lamquin_intercomparisonexercisesentinel_2019,C:/Users/casey/Documents/github/sp1_systematic_map/_data/5d_classifier_round2/pdf/lamquin_2019_an_inter_comparison_exercise.pdf,C:/Users/casey/Documents/github/sp1_systematic_map/_data/5d_classifier_round2/csv/lamquin_2019_an_inter_comparison_exercise.csv
Using Publicly Available Satellite Imagery and Deep Learning to Understand Economic Well-Being in Africa,"Yeh, Christopher and Perez, Anthony and Driscoll, Anne and Azzari, George and Tang, Zhongyi and Lobell, David and Ermon, Stefano and Burke, Marshall",2020,yeh_publiclysatelliteimagerydeep_2020,C:/Users/casey/Documents/github/sp1_systematic_map/_data/5d_classifier_round2/pdf/yeh_2020_using_publicly_available_satellite.pdf,C:/Users/casey/Documents/github/sp1_systematic_map/_data/5d_classifier_round2/csv/yeh_2020_using_publicly_available_satellite.csv
Design and Simulation in Sar Satellites' Task Planning System Using Genetic Algorithm with Entropy Operator,"Liu, Wan and Li, Zeyu and Chen, Li and Zhang, Dexin and Shao, Xiaowei",2021,liu_designsimulationsarsatellites_2021,C:/Users/casey/Documents/github/sp1_systematic_map/_data/5d_classifier_round2/pdf/liu_2021_design_and_simulation_in.pdf,C:/Users/casey/Documents/github/sp1_systematic_map/_data/5d_classifier_round2/csv/liu_2021_design_and_simulation_in.csv
Targeting Villages for Rural Development Using Satellite Image Analysis,"Varshney, Kush R. and Chen, George H. and Abelson, Brian and Nowocin, Kendall and Sakhrani, Vivek and Xu, Ling and Spatocco, Brian L.",2015,varshney_targetingvillagesruraldevelopment_2015,C:/Users/casey/Documents/github/sp1_systematic_map/_data/5d_classifier_round2/pdf/varshney_2015_targeting_villages_for_rural.pdf,C:/Users/casey/Documents/github/sp1_systematic_map/_data/5d_classifier_round2/csv/varshney_2015_targeting_villages_for_rural.csv
Applications of Remote Sensing to Precision Agriculture with Dual Economic and Environmental Benefits,"Seielstad, G. A. and Laguette, S. and Seelan, S. and Lawrence, R. and Nielsen, G. A. and Clay, D. and Dalsted, K.",2002,seielstad_applicationsremotesensingprecision_2002,C:/Users/casey/Documents/github/sp1_systematic_map/_data/5d_classifier_round2/pdf/seielstad_2002_applications_of_remote_sensing.pdf,C:/Users/casey/Documents/github/sp1_systematic_map/_data/5d_classifier_round2/csv/seielstad_2002_applications_of_remote_sensing.csv
"Application of Google Earth Engine Python Api and Naip Imagery for Land Use and Land Cover Classification: A Case Study in Florida, Usa","Prasai, Ritika and Schwertner, T. Wayne and Mainali, Kumar and Mathewson, Heather and Kafley, Hemanta and Thapa, Swosthi and Adhikari, Dinesh and Medley, Paul and Drake, Jason",2021,prasai_applicationgoogleearthengine_2021,C:/Users/casey/Documents/github/sp1_systematic_map/_data/5d_classifier_round2/pdf/prasai_2021_application_of_google_earth.pdf,C:/Users/casey/Documents/github/sp1_systematic_map/_data/5d_classifier_round2/csv/prasai_2021_application_of_google_earth.csv
Measuring and Monitoring Restored Ecosystems: Can Remote Sensing Be Applied to the Ecological Recovery Wheel to Inform Restoration Success?,"McKenna, Phillip B. and Lechner, Alex M. and Santin, Lorna Hernandez and Phinn, Stuart and Erskine, Peter D.",2023,mckenna_measuringmonitoringrestoredecosystems_2023,C:/Users/casey/Documents/github/sp1_systematic_map/_data/5d_classifier_round2/pdf/mckenna_2023_measuring_and_monitoring_restored.pdf,C:/Users/casey/Documents/github/sp1_systematic_map/_data/5d_classifier_round2/csv/mckenna_2023_measuring_and_monitoring_restored.csv
Monitoring Daily Evapotranspiration over Two California Vineyards Using Landsat 8 in a Multi-Sensor Data Fusion Approach,"Semmens, Kathryn A. and Anderson, Martha C. and Kustas, William P. and Gao, Feng and Alfieri, Joseph G. and McKee, Lynn and Prueger, John H. and Hain, Christopher R. and Cammalleri, Carmelo and Yang, Yun and Xia, Ting and Sanchez, Luis and Alsina, Maria Mar and Velez, Monica",2016,semmens_monitoringdailyevapotranspirationcalifornia_2016,C:/Users/casey/Documents/github/sp1_systematic_map/_data/5d_classifier_round2/pdf/semmens_2016_monitoring_daily_evapotranspiration_over.pdf,C:/Users/casey/Documents/github/sp1_systematic_map/_data/5d_classifier_round2/csv/semmens_2016_monitoring_daily_evapotranspiration_over.csv
Modis Provides a Satellite Focus on Operation Iraqi Freedom,"Miller, S. D. and Hawkins, J. D. and Lee, T. F. and Turk, F. J. and Richardson, K. and Kuciauskas, A. P. and Kent, J. and Wade, R. and Skupniewicz, C. E. and Cornelius, J. and O'Neal, J. and Haggerty, P. and Sprietzer, K. and Legg, G. and Henegar, J. and Seaton, B.",2006,miller_modissatellitefocusoperation_2006,C:/Users/casey/Documents/github/sp1_systematic_map/_data/5d_classifier_round2/pdf/miller_2006_modis_provides_a_satellite.pdf,C:/Users/casey/Documents/github/sp1_systematic_map/_data/5d_classifier_round2/csv/miller_2006_modis_provides_a_satellite.csv
Benchmarking Optical/Thermal Satellite Imagery for Estimating Evapotranspiration and Soil Moisture in Decision Support Tools,"Hendrickx, Jan M. H. and Allen, Richard G. and Brower, Al and Byrd, Aaron R. and Hong, Sung-ho and Ogden, Fred L. and Pradhan, Nawa Raj and Robison, Clarence W. and Toll, David and Trezza, Ricardo and Umstot, Todd G. and Wilson, John L.",2016,hendrickx_benchmarkingopticalthermalsatellite_2016,C:/Users/casey/Documents/github/sp1_systematic_map/_data/5d_classifier_round2/pdf/hendrickx_2016_benchmarking_optical_thermal_satellite.pdf,C:/Users/casey/Documents/github/sp1_systematic_map/_data/5d_classifier_round2/csv/hendrickx_2016_benchmarking_optical_thermal_satellite.csv
Secure Spectrum Sharing for Satellite Internet-of-Things Based on Blockchain,"Wang, Li and Zheng, Yuhang and Zhang, Yu and Li, Feng",2023,wang_securespectrumsharingsatellite_2023,C:/Users/casey/Documents/github/sp1_systematic_map/_data/5d_classifier_round2/pdf/wang_2023_secure_spectrum_sharing_for.pdf,C:/Users/casey/Documents/github/sp1_systematic_map/_data/5d_classifier_round2/csv/wang_2023_secure_spectrum_sharing_for.csv
Using Remote Sensing Data for Earthquake Damage Assessment in Afghanistan: The Role of the International Charter,"Korsu Kandeh, J. M. and Ahadi, A. W. and Kumar, L.",2005,korsukandeh_remotesensingdataearthquake_2005,C:/Users/casey/Documents/github/sp1_systematic_map/_data/5d_classifier_round2/pdf/korsukandeh_2005_using_remote_sensing_data.pdf,C:/Users/casey/Documents/github/sp1_systematic_map/_data/5d_classifier_round2/csv/korsukandeh_2005_using_remote_sensing_data.csv
Economic Feasibility Study for Pavement Monitoring Using Synthetic Aperture Radar-Based Satellite Remote Sensing Cost-Benefit Analysis,"Li, Mingxin and Faghri, Ardeshir and Ozden, Abdulkadir and Yue, Yixiang",2017,li_economicfeasibilitystudypavement_2017,C:/Users/casey/Documents/github/sp1_systematic_map/_data/5d_classifier_round2/pdf/li_2017_economic_feasibility_study_for.pdf,C:/Users/casey/Documents/github/sp1_systematic_map/_data/5d_classifier_round2/csv/li_2017_economic_feasibility_study_for.csv
Translating Marine Animal Tracking Data into Conservation Policy and Management,"Hays, Graeme C. and Bailey, Helen and Bograd, Steven J. and Bowen, W. Don and Campagna, Claudio and Carmichael, Ruth H. and Casale, Paolo and Chiaradia, Andre and Costa, Daniel P. and Cuevas, Eduardo and {de Bruyn}, P. J. Nico and Dias, Maria P. and Duarte, Carlos M. and Dunn, Daniel C. and Dutton, Peter H. and Esteban, Nicole and Friedlaender, Ari and Goetz, Kimberly T. and Godley, Brendan J. and Halpin, Patrick N. and Hamann, Mark and Hammerschlag, Neil and Harcourt, Robert and Harrison, Autumn-Lynn and Hazen, Elliott L. and Heupel, Michelle R. and Hoyt, Erich and Humphries, Nicolas E. and Kot, Connie Y. and Lea, James S. E. and Marsh, Helene and Maxwell, Sara M. and McMahon, Clive R. and {di Sciara}, Giuseppe Notarbartolo and Palacios, Daniel M. and Phillips, Richard A. and Righton, David and Schofield, Gail and Seminoff, Jeffrey A. and Simpfendorfer, Colin A. and Sims, David W. and Takahashi, Akinori and Tetley, Michael J. and Thums, Michele and Trathan, Philip N. and {Villegas-Amtmann}, Stella and Wells, Randall S. and Whiting, Scott D. and Wildermann, Natalie E. and Msequeira, Ana M. M.",2019,hays_translatingmarineanimaltracking_2019,C:/Users/casey/Documents/github/sp1_systematic_map/_data/5d_classifier_round2/pdf/hays_2019_translating_marine_animal_tracking.pdf,C:/Users/casey/Documents/github/sp1_systematic_map/_data/5d_classifier_round2/csv/hays_2019_translating_marine_animal_tracking.csv
"Organisational Drivers for, Constraints on and Impacts of Decision and Information Support Tool Use in Desertification Policy and Management","Diez, Esther and McIntosh, Brian S.",2011,diez_organisationaldriversconstraintsimpacts_2011,C:/Users/casey/Documents/github/sp1_systematic_map/_data/5d_classifier_round2/pdf/diez_2011_organisational_drivers_for_constraints.pdf,C:/Users/casey/Documents/github/sp1_systematic_map/_data/5d_classifier_round2/csv/diez_2011_organisational_drivers_for_constraints.csv
Satellite Remote Sensing for Water Resources Management: Potential for Supporting Sustainable Development in Data-Poor Regions,"Sheffield, J. and Wood, E. F. and Pan, M. and Beck, H. and Coccia, G. and {Serrat-Capdevila}, A. and Verbist, K.",2018,sheffield_satelliteremotesensingwater_2018,C:/Users/casey/Documents/github/sp1_systematic_map/_data/5d_classifier_round2/pdf/sheffield_2018_satellite_remote_sensing_for.pdf,C:/Users/casey/Documents/github/sp1_systematic_map/_data/5d_classifier_round2/csv/sheffield_2018_satellite_remote_sensing_for.csv
Use of Satellite Data in Coastal Zone Programmes,"Szekielda, K. H.",1976,szekielda_satellitedatacoastalzone_1976,C:/Users/casey/Documents/github/sp1_systematic_map/_data/5d_classifier_round2/pdf/szekielda_1976_use_of_satellite_data.pdf,C:/Users/casey/Documents/github/sp1_systematic_map/_data/5d_classifier_round2/csv/szekielda_1976_use_of_satellite_data.csv
Mapping Spatial Pattern in Biodiversity for Regional Conservation Planning: Where to from Here?,"Ferrier, S",2002,ferrier_mappingspatialpatternbiodiversity_2002,C:/Users/casey/Documents/github/sp1_systematic_map/_data/5d_classifier_round2/pdf/ferrier_2002_mapping_spatial_pattern_in.pdf,C:/Users/casey/Documents/github/sp1_systematic_map/_data/5d_classifier_round2/csv/ferrier_2002_mapping_spatial_pattern_in.csv
"How Remote Sensing Supports Mangrove Ecosystem Service Valuation: A Case Study in ca Mau Province, Vietnam","Vo, Tuan Quoc and Kuenzer, C. and Oppelt, N.",2015,tuanquocvoandkuenzer_remotesensingsupportsmangrove_2015,C:/Users/casey/Documents/github/sp1_systematic_map/_data/5d_classifier_round2/pdf/vo_2015_how_remote_sensing_supports.pdf,C:/Users/casey/Documents/github/sp1_systematic_map/_data/5d_classifier_round2/csv/vo_2015_how_remote_sensing_supports.csv
Scenarios for Valuing Sample Information in Natural Resources,"Williams, Byron K. and Brown, Eleanor D.",2020,williams_scenariosvaluingsampleinformation_2020,C:/Users/casey/Documents/github/sp1_systematic_map/_data/5d_classifier_round2/pdf/williams_2020_scenarios_for_valuing_sample.pdf,C:/Users/casey/Documents/github/sp1_systematic_map/_data/5d_classifier_round2/csv/williams_2020_scenarios_for_valuing_sample.csv
Geometric Accuracy Assessment of Very High-Resolution Optical Data Orthorectified Using Terrasar-x Dsm to Support Disaster Management in Indonesia,"Sari, I. L. and Siwi, S. E. and Brahmantara, R. P. and Dyatmika, H. S. and Suprijanto, A. and Pradono, K. A.",2018,sari_geometricaccuracyassessmentresolution_2018,C:/Users/casey/Documents/github/sp1_systematic_map/_data/5d_classifier_round2/pdf/sari_2018_geometric_accuracy_assessment_of.pdf,C:/Users/casey/Documents/github/sp1_systematic_map/_data/5d_classifier_round2/csv/sari_2018_geometric_accuracy_assessment_of.csv
"Artisanal Exploitation of Mineral Resources: Remote Sensing Observations of Environmental Consequences, Social and Ethical Aspects","Ngom, Ndeye Marame and Baratoux, David and Bolay, Matthieu and Dessertine, Anna and Saley, Abdoulatif Abass and Baratoux, Lenka and Mbaye, Modou and Faye, Gayane and Yao, Alphonse Kouakou and Kouame, Kan Jean",2023,ngom_artisanalexploitationmineralresources_2023,C:/Users/casey/Documents/github/sp1_systematic_map/_data/5d_classifier_round2/pdf/ngom_2023_artisanal_exploitation_of_mineral.pdf,C:/Users/casey/Documents/github/sp1_systematic_map/_data/5d_classifier_round2/csv/ngom_2023_artisanal_exploitation_of_mineral.csv
Application of near Real-Time and Multiscale Three Dimensional Earth Observation Platforms in Disaster Prevention,"Tsai, W. F. and Chen, B. and Chang, J. Y. and Lin, F. P. and Chang, C. H. and Sun, C. Y. and Su, W. R. and Chen, M. F. and Shih, D. S. and Chen, C. H. and Lin, S. C. and Yu, S. J.",2011,tsai_applicationrealtimemultiscale_2011,C:/Users/casey/Documents/github/sp1_systematic_map/_data/5d_classifier_round2/pdf/tsai_2011_application_of_near_real.pdf,C:/Users/casey/Documents/github/sp1_systematic_map/_data/5d_classifier_round2/csv/tsai_2011_application_of_near_real.csv
Application of Remote Sensing Technology for Impact Assessment of Watershed Development Programme,"Shanwad, U. K. and Patil, V. C. and Gowda, H. H. and Dasog, G. S.",2008,shanwad_applicationremotesensingtechnology_2008,C:/Users/casey/Documents/github/sp1_systematic_map/_data/5d_classifier_round2/pdf/shanwad_2008_application_of_remote_sensing.pdf,C:/Users/casey/Documents/github/sp1_systematic_map/_data/5d_classifier_round2/csv/shanwad_2008_application_of_remote_sensing.csv
Willingness to Pay for an Early Warning System for Infectious Diseases,"Himmler, S. and {van Exel}, J. and {Perry-Duxbury}, M. and Brouwer, W.",2020,himmler_willingnesspaywarningsystem_2020,C:/Users/casey/Documents/github/sp1_systematic_map/_data/5d_classifier_round2/pdf/himmler_2020_willingness_to_pay_for.pdf,C:/Users/casey/Documents/github/sp1_systematic_map/_data/5d_classifier_round2/csv/himmler_2020_willingness_to_pay_for.csv
Impact of Satellite Imagery Spatial Resolution on Land Use Classification Accuracy and Modeled Water Quality,"Fisher, Jonathan R. B. and Acosta, Eileen A. and {Dennedy-Frank}, P. James and Kroeger, Timm and Boucher, Timothy M.",2018,fisher_impactsatelliteimageryspatial_2018,C:/Users/casey/Documents/github/sp1_systematic_map/_data/5d_classifier_round2/pdf/fisher_2018_impact_of_satellite_imagery.pdf,C:/Users/casey/Documents/github/sp1_systematic_map/_data/5d_classifier_round2/csv/fisher_2018_impact_of_satellite_imagery.csv
A Real Options Approach to Satellite Mission Planning,"Fuss, Sabine and Szolgayova, Jana and Obersteiner, Michael",2008,fuss_realoptionsapproachsatellite_2008,C:/Users/casey/Documents/github/sp1_systematic_map/_data/5d_classifier_round2/pdf/fuss_2008_a_real_options_approach.pdf,C:/Users/casey/Documents/github/sp1_systematic_map/_data/5d_classifier_round2/csv/fuss_2008_a_real_options_approach.csv
"Quantitative Assessment of Soil Condition, Basic Environmental Factors and Productivity of Linum Usitatissimum in the Steppe Zone of Kazakhstan Using the Remote Sensing Method","Nugmanov, A. and Tulayev, Y. and Ershov, V. and Vasin, V. and Kuanyshbaev, S. and Valiev, K. and Tulkubayeva, S. and Somova, S. and Bugubaeva, A. and Bulaev, A. and Chashkov, V. and Tokusheva, A. and Nauanova, A. and Zhikeyev, A. and Yerish, N. and Yeleuov, B.",2023,nugmanov_quantitativeassessmentsoilcondition_2023,C:/Users/casey/Documents/github/sp1_systematic_map/_data/5d_classifier_round2/pdf/nugmanov_2023_quantitative_assessment_of_soil.pdf,C:/Users/casey/Documents/github/sp1_systematic_map/_data/5d_classifier_round2/csv/nugmanov_2023_quantitative_assessment_of_soil.csv
Benefits of Earth Observation Data for Conservation Planning in the Case of European Wetland Biodiversity,"Jantke, Kerstin and Schleupner, Christine and Schneider, Uwe A.",2013,jantke_benefitsearthobservationdata_2013,C:/Users/casey/Documents/github/sp1_systematic_map/_data/5d_classifier_round2/pdf/jantke_2013_benefits_of_earth_observation.pdf,C:/Users/casey/Documents/github/sp1_systematic_map/_data/5d_classifier_round2/csv/jantke_2013_benefits_of_earth_observation.csv
Layering Natural Resource and Human Resource Data for Planning Watershed Conservation Strategies,"Tyson, B and Worthley, T and Danley, K",2004,tyson_layeringnaturalresourcehuman_2004,C:/Users/casey/Documents/github/sp1_systematic_map/_data/5d_classifier_round2/pdf/tyson_2004_layering_natural_resource_and.pdf,C:/Users/casey/Documents/github/sp1_systematic_map/_data/5d_classifier_round2/csv/tyson_2004_layering_natural_resource_and.csv
Application of the Remote-Sensing Communication Model to a Time-Sensitive Wildfire Remote-Sensing System,"Lippitt, Christopher D. and Stow, Douglas A. and Riggan, Philip J.",2016,lippitt_applicationremotesensingcommunication_2016,C:/Users/casey/Documents/github/sp1_systematic_map/_data/5d_classifier_round2/pdf/lippitt_2016_application_of_the_remote.pdf,C:/Users/casey/Documents/github/sp1_systematic_map/_data/5d_classifier_round2/csv/lippitt_2016_application_of_the_remote.csv
The Utility of Historical Aerial Photographs for Detecting and Judging the Effectiveness of Rangeland Remediation Treatments,"Rango, A. and Havstad, K.",2003,rango_utilityhistoricalaerialphotographs_2003,C:/Users/casey/Documents/github/sp1_systematic_map/_data/5d_classifier_round2/pdf/rango_2003_the_utility_of_historical.pdf,C:/Users/casey/Documents/github/sp1_systematic_map/_data/5d_classifier_round2/csv/rango_2003_the_utility_of_historical.csv
Exploring the Utility of Bathymetry Maps Derived with Multispectral Satellite Observations in the Field of Underwater Archaeology,"Guzinski, Radoslaw and Spondylis, Elias and Michalis, Myrto and Tusa, Sebastiano and Brancato, Giacoma and Minno, Lorenzo and Hansen, Lars Boye",2016,guzinski_exploringutilitybathymetrymaps_2016,C:/Users/casey/Documents/github/sp1_systematic_map/_data/5d_classifier_round2/pdf/guzinski_2016_exploring_the_utility_of.pdf,C:/Users/casey/Documents/github/sp1_systematic_map/_data/5d_classifier_round2/csv/guzinski_2016_exploring_the_utility_of.csv
"The Potential of Remote Sensing Data for Decision Makers at the State, Local and Tribal Level: Experiences from Nasa's Synergy Program","Kalluri, S and Gilruth, P and Bergman, R",2003,kalluri_potentialremotesensingdata_2003,C:/Users/casey/Documents/github/sp1_systematic_map/_data/5d_classifier_round2/pdf/kalluri_2003_the_potential_of_remote.pdf,C:/Users/casey/Documents/github/sp1_systematic_map/_data/5d_classifier_round2/csv/kalluri_2003_the_potential_of_remote.csv
A Multi-Scale Assessment of Fire Scar Mapping in the Great Victoria Desert of Western Australia,"Ruscalleda-Alvarez}, Jaume and Moro, Dorian and {van Dongen}, Richard",2021,ruscalledaalvarez_multiscaleassessmentfire_2021,C:/Users/casey/Documents/github/sp1_systematic_map/_data/5d_classifier_round2/pdf/ruscalledaalvarez_2021_a_multi_scale_assessment.pdf,C:/Users/casey/Documents/github/sp1_systematic_map/_data/5d_classifier_round2/csv/ruscalledaalvarez_2021_a_multi_scale_assessment.csv
Land Cover Classification in Mangrove Ecosystems Based on Vhr Satellite Data and Machine Learning-an Upscaling Approach,"Toosi, Neda Bihamta and Soffianian, Ali Reza and Fakheran, Sima and Pourmanafi, Saeied and Ginzler, Christian and Waser, Lars T.",2020,toosi_landcoverclassificationmangrove_2020,C:/Users/casey/Documents/github/sp1_systematic_map/_data/5d_classifier_round2/pdf/toosi_2020_land_cover_classification_in.pdf,C:/Users/casey/Documents/github/sp1_systematic_map/_data/5d_classifier_round2/csv/toosi_2020_land_cover_classification_in.csv
The Benefits of Remote Sensing for Energy Policy,"Sen, A",2004,sen_benefitsremotesensingenergy_2004,C:/Users/casey/Documents/github/sp1_systematic_map/_data/5d_classifier_round2/pdf/sen_2004_the_benefits_of_remote.pdf,C:/Users/casey/Documents/github/sp1_systematic_map/_data/5d_classifier_round2/csv/sen_2004_the_benefits_of_remote.csv
The Role of Satellite Telemetry Data in 21st Century Conservation of Polar Bears (Ursus Maritimus),"Laidre, Kristin L. and Durner, George M. and Lunn, Nicholas J. and Regehr, Eric V. and Atwood, Todd C. and Rode, Karyn D. and Aars, Jon and Routti, Heli and Wiig, Oystein and Dyck, Markus and Richardson, Evan S. and Atkinson, Stephen and Belikov, Stanislav and Stirling, Ian",2022,laidre_rolesatellitetelemetrydata_2022,C:/Users/casey/Documents/github/sp1_systematic_map/_data/5d_classifier_round2/pdf/laidre_2022_the_role_of_satellite.pdf,C:/Users/casey/Documents/github/sp1_systematic_map/_data/5d_classifier_round2/csv/laidre_2022_the_role_of_satellite.csv
Disaster Risk Reduction in Agriculture through Geospatial (Big) Data Processing,"Reznik, Tomas and Lukas, Vojtech and Charvat, Karel and Charvat, Jr., Karel and Krivanek, Zbynek and Kepka, Michal and Herman, Lukas and Reznikova, Helena",2017,reznik_disasterriskreductionagriculture_2017,C:/Users/casey/Documents/github/sp1_systematic_map/_data/5d_classifier_round2/pdf/reznik_2017_disaster_risk_reduction_in.pdf,C:/Users/casey/Documents/github/sp1_systematic_map/_data/5d_classifier_round2/csv/reznik_2017_disaster_risk_reduction_in.csv
Numerical Modelling and Satellite Remote Sensing as Tools for Research and Management of Marine Fishery Resources,"George, G.",2014,george_numericalmodellingsatelliteremote_2014,C:/Users/casey/Documents/github/sp1_systematic_map/_data/5d_classifier_round2/pdf/george_2014_numerical_modelling_and_satellite.pdf,C:/Users/casey/Documents/github/sp1_systematic_map/_data/5d_classifier_round2/csv/george_2014_numerical_modelling_and_satellite.csv
Wetland Extent Tools for Sdg 6.6.1 Reporting from the Satellite-Based Wetland Observation Service (Swos),"Weise, Kathrin and Hoefer, Rene and Franke, Jonas and Guelmami, Anis and Simonson, Will and Muro, Javier and O'Connor, Brian and Strauch, Adrian and Flink, Stephan and Eberle, Jonas and Mino, Eric and Thulin, Susanne and Philipson, Petra and {van Valkengoed}, Eric and Truckenbrodt, John and Zanderg, Franziska and Sanchez, Antonio and Schroeder, Christoph and Thonfeld, Frank and Fitoka, Eleni and Scott, Emma and Ling, Matthew and Schwarz, Michael and Kunz, Ina and Thuemer, Grit and Plasmeijer, Anouska and Hilarides, Lammert",2020,weise_wetlandextenttoolssdg_2020,C:/Users/casey/Documents/github/sp1_systematic_map/_data/5d_classifier_round2/pdf/weise_2020_wetland_extent_tools_for.pdf,C:/Users/casey/Documents/github/sp1_systematic_map/_data/5d_classifier_round2/csv/weise_2020_wetland_extent_tools_for.csv
Evaluating Nox Emission Inventories for Regulatory Air Quality Modeling Using Satellite and Air Quality Model Data,"Kemball-Cook}, Susan and Yarwood, Greg and Johnson, Jeremiah and Dornblaser, Bright and Estes, Mark",2015,kemballcook_evaluatingnoxemissioninventories_2015,C:/Users/casey/Documents/github/sp1_systematic_map/_data/5d_classifier_round2/pdf/kemballcook_2015_evaluating_nox_emission_inventories.pdf,C:/Users/casey/Documents/github/sp1_systematic_map/_data/5d_classifier_round2/csv/kemballcook_2015_evaluating_nox_emission_inventories.csv
Using Landsat Satellite Data to Support Pesticide Exposure Assessment in California,"Maxwell, Susan K. and Airola, Matthew and Nuckols, John R.",2010,maxwell_landsatsatellitedatasupport_2010,C:/Users/casey/Documents/github/sp1_systematic_map/_data/5d_classifier_round2/pdf/maxwell_2010_using_landsat_satellite_data.pdf,C:/Users/casey/Documents/github/sp1_systematic_map/_data/5d_classifier_round2/csv/maxwell_2010_using_landsat_satellite_data.csv
Drone Remote Sensing for Forestry Research and Practices,"Tang, L. and Shao, G.",2015,tang_droneremotesensingforestry_2015,C:/Users/casey/Documents/github/sp1_systematic_map/_data/5d_classifier_round2/pdf/tang_2015_drone_remote_sensing_for.pdf,C:/Users/casey/Documents/github/sp1_systematic_map/_data/5d_classifier_round2/csv/tang_2015_drone_remote_sensing_for.csv
Measuring the Economic Benefits of an Environmental Monitoring Satellite Project: The Value of Information Approach,"Eom, Young Sook and Hong, Jong Ho",2013,eom_measuringeconomicbenefitsenvironmental_2013,C:/Users/casey/Documents/github/sp1_systematic_map/_data/5d_classifier_round2/pdf/eom_2013_measuring_the_economic_benefits.pdf,C:/Users/casey/Documents/github/sp1_systematic_map/_data/5d_classifier_round2/csv/eom_2013_measuring_the_economic_benefits.csv
The Role of African Emerging Space Agencies in Earth Observation Capacity Building for Facilitating the Implementation and Monitoring of the African Development Agenda: The Case of African Earth Observation Program,"Kganyago, Mahlatse and Mhangara, Paidamwoyo",2019,kganyago_roleafricanemergingspace_2019,C:/Users/casey/Documents/github/sp1_systematic_map/_data/5d_classifier_round2/pdf/kganyago_2019_the_role_of_african.pdf,C:/Users/casey/Documents/github/sp1_systematic_map/_data/5d_classifier_round2/csv/kganyago_2019_the_role_of_african.csv
Estimating the Benefits of Land Imagery in Environmental Applications: A Case Study in Nonpoint Source Pollution of Groundwater,"Bernknopf, R. L. and Forney, W. M. and Raunikar, R. P. and Mishra, S. K.",2012,bernknopf_estimatingbenefitslandimagery_2012,C:/Users/casey/Documents/github/sp1_systematic_map/_data/5d_classifier_round2/pdf/bernknopf_2012_estimating_the_benefits_of.pdf,C:/Users/casey/Documents/github/sp1_systematic_map/_data/5d_classifier_round2/csv/bernknopf_2012_estimating_the_benefits_of.csv
"Coordinated Capacity Development to Maximize the Contributions of Space Science, Technology, and Its Applications in Support of Implementing Global Sustainable Development Agendas-a Conceptual Framework","Kumar, A. Senthil and Camacho, Sergio and Searby, Nancy D. and Teuben, Joost and Balogh, Werner",2020,kumar_coordinatedcapacitydevelopmentmaximize_2020,C:/Users/casey/Documents/github/sp1_systematic_map/_data/5d_classifier_round2/pdf/kumar_2020_coordinated_capacity_development_to.pdf,C:/Users/casey/Documents/github/sp1_systematic_map/_data/5d_classifier_round2/csv/kumar_2020_coordinated_capacity_development_to.csv
"Policy Implications of Remote Sensing in Understanding Urban Environments: Developing a Wetlands Inventory for Community Decision-Making in Lucas County, Ohio","Lawrence, P. L. and Czajowski, K. and Torbick, N.",2005,lawrence_policyimplicationsremotesensing_2005,C:/Users/casey/Documents/github/sp1_systematic_map/_data/5d_classifier_round2/pdf/lawrence_2005_policy_implications_of_remote.pdf,C:/Users/casey/Documents/github/sp1_systematic_map/_data/5d_classifier_round2/csv/lawrence_2005_policy_implications_of_remote.csv
Using Very High Resolution Remote Sensing for the Management of Coral Reef Fisheries: Review and Perspectives,"Hamel, Melanie A. and Andrefouet, Serge",2010,hamel_resolutionremotesensingmanagement_2010,C:/Users/casey/Documents/github/sp1_systematic_map/_data/5d_classifier_round2/pdf/hamel_2010_using_very_high_resolution.pdf,C:/Users/casey/Documents/github/sp1_systematic_map/_data/5d_classifier_round2/csv/hamel_2010_using_very_high_resolution.csv
Uav-Based Smart Environmental Monitoring,"Majid, M. I. and Chen, Y. and Mahfooz, O. and Ahmed, W.",2019,majid_uavbasedsmartenvironmental_2019,C:/Users/casey/Documents/github/sp1_systematic_map/_data/5d_classifier_round2/pdf/majid_2019_uav_based_smart_environmental.pdf,C:/Users/casey/Documents/github/sp1_systematic_map/_data/5d_classifier_round2/csv/majid_2019_uav_based_smart_environmental.csv
Evaluating the Public Value of Improving Early Detection Accuracy of Cumulonimbus Using a Geostationary Satellite in South Korea,"Kim, Ju-Hee and Lim, Hancheol and Shin, Jinho and Yoo, Seung-Hoon",2022,kim_evaluatingpublicimprovingdetection_2022,C:/Users/casey/Documents/github/sp1_systematic_map/_data/5d_classifier_round2/pdf/kim_2022_evaluating_the_public_value.pdf,C:/Users/casey/Documents/github/sp1_systematic_map/_data/5d_classifier_round2/csv/kim_2022_evaluating_the_public_value.csv
The Value of Earth Observations: Methods and Findings on the Value of Landsat Imagery,"Miller, Holly M. and Serbina, Larisa O. and Richardson, Leslie A. and Ryker, Sarah J. and Newman, Timothy R.",2016,miller_earthobservationsmethodsfindings_2016,C:/Users/casey/Documents/github/sp1_systematic_map/_data/5d_classifier_round2/pdf/miller_2016_the_value_of_earth.pdf,C:/Users/casey/Documents/github/sp1_systematic_map/_data/5d_classifier_round2/csv/miller_2016_the_value_of_earth.csv
Nasa's Early Adopter Program Links Satellite Data to Decision Making,"Brown, Molly E. and Escobar, Vanessa M.",2019,brown_nasa'sadopterprogramlinks_2019,C:/Users/casey/Documents/github/sp1_systematic_map/_data/5d_classifier_round2/pdf/brown_2019_nasa_s_early_adopter.pdf,C:/Users/casey/Documents/github/sp1_systematic_map/_data/5d_classifier_round2/csv/brown_2019_nasa_s_early_adopter.csv
An Active Service Recommendation Model for Multi-Source Remote Sensing Information Using Fusion of Attention and Multi-Perspective,"Zhu, L. and Wu, F. and Fu, K. and Hu, Y. and Wang, Y. and Tian, X. and Huang, K.",2023,zhu_activeservicerecommendationmodel_2023,C:/Users/casey/Documents/github/sp1_systematic_map/_data/5d_classifier_round2/pdf/zhu_2023_an_active_service_recommendation.pdf,C:/Users/casey/Documents/github/sp1_systematic_map/_data/5d_classifier_round2/csv/zhu_2023_an_active_service_recommendation.csv
Planning Iterative Investment for Landscape Restoration: Choice of Biodiversity Indicator Makes a Difference,"Butler, Don William",2009,butler_planningiterativeinvestmentlandscape_2009,C:/Users/casey/Documents/github/sp1_systematic_map/_data/5d_classifier_round2/pdf/butler_2009_planning_iterative_investment_for.pdf,C:/Users/casey/Documents/github/sp1_systematic_map/_data/5d_classifier_round2/csv/butler_2009_planning_iterative_investment_for.csv
Metrics to Accelerate Private Sector Investment in Sustainable Development Goal 2-Zero Hunger,"Brown, Molly E.",2021,brown_metricsaccelerateprivatesector_2021,C:/Users/casey/Documents/github/sp1_systematic_map/_data/5d_classifier_round2/pdf/brown_2021_metrics_to_accelerate_private.pdf,C:/Users/casey/Documents/github/sp1_systematic_map/_data/5d_classifier_round2/csv/brown_2021_metrics_to_accelerate_private.csv
Agricultural Case Studies for Measuring the Value of Information of Earth Observation and Other Geospatial Information for Decisions,"Bernknopf, R.",2017,bernknopf_agriculturalstudiesmeasuringinformation_2017,C:/Users/casey/Documents/github/sp1_systematic_map/_data/5d_classifier_round2/pdf/bernknopf_2017_agricultural_case_studies_for.pdf,C:/Users/casey/Documents/github/sp1_systematic_map/_data/5d_classifier_round2/csv/bernknopf_2017_agricultural_case_studies_for.csv
Space-Based Earth Observations for Disaster Risk Management,"Le Cozannet, G. and Kervyn, M. and Russo, S. and Speranza, C. Ifejika and Ferrier, P. and Foumelis, M. and Lopez, T. and Modaressi, H.",2020,lecozannet_spacebasedearthobservations_2020,C:/Users/casey/Documents/github/sp1_systematic_map/_data/5d_classifier_round2/pdf/lecozannet_2020_space_based_earth_observations.pdf,C:/Users/casey/Documents/github/sp1_systematic_map/_data/5d_classifier_round2/csv/lecozannet_2020_space_based_earth_observations.csv
Potential of Virtual Earth Observation Constellations in Archaeological Research,"Agapiou, Athos and Alexakis, Dimitrios D. and Hadjimitsis, Diofantos G.",2019,agapiou_potentialvirtualearthobservation_2019,C:/Users/casey/Documents/github/sp1_systematic_map/_data/5d_classifier_round2/pdf/agapiou_2019_potential_of_virtual_earth.pdf,C:/Users/casey/Documents/github/sp1_systematic_map/_data/5d_classifier_round2/csv/agapiou_2019_potential_of_virtual_earth.csv
The Economic Impact Analysis of Satellite Development and Its Application in Korea,"Park, Jung Ho and Jung, Hojin and Lim, Chang Ho and Chang, Taejin",2020,park_economicimpactanalysissatellite_2020,C:/Users/casey/Documents/github/sp1_systematic_map/_data/5d_classifier_round2/pdf/park_2020_the_economic_impact_analysis.pdf,C:/Users/casey/Documents/github/sp1_systematic_map/_data/5d_classifier_round2/csv/park_2020_the_economic_impact_analysis.csv
Application-Oriented Real-Time Remote Sensing Service Technology,"Li, D. and Ding, L. and Shao, Z.",2021,li_applicationorientedrealtime_2021,C:/Users/casey/Documents/github/sp1_systematic_map/_data/5d_classifier_round2/pdf/li_2021_application_oriented_real_time.pdf,C:/Users/casey/Documents/github/sp1_systematic_map/_data/5d_classifier_round2/csv/li_2021_application_oriented_real_time.csv
A Disaster Information and Monitoring System Utilizing Earth Observation,"Louhisuo, Machiko and Veijonen, Teppo and Ahola, Jussi and Morohoshi, Toshikazu",2007,louhisuo_disasterinformationmonitoringsystem_2007,C:/Users/casey/Documents/github/sp1_systematic_map/_data/5d_classifier_round2/pdf/louhisuo_2007_a_disaster_information_and.pdf,C:/Users/casey/Documents/github/sp1_systematic_map/_data/5d_classifier_round2/csv/louhisuo_2007_a_disaster_information_and.csv
Geospatial Web-Based Sensor Information Model for Integrating Satellite Observation: An Example in the Field of Flood Disaster Management,"Hu, Chuli and Chen, Nengcheng and Li, Jia",2013,hu_geospatialwebbasedsensor_2013,C:/Users/casey/Documents/github/sp1_systematic_map/_data/5d_classifier_round2/pdf/hu_2013_geospatial_web_based_sensor.pdf,C:/Users/casey/Documents/github/sp1_systematic_map/_data/5d_classifier_round2/csv/hu_2013_geospatial_web_based_sensor.csv
An Ecosystem Model and Content Research of the Satellite Information Utilization Business,"Baik, Seungkuk and Roh, Jinhwa and Shim, Hyounjoo and Zhu, Xuanning",2023,baik_ecosystemmodelcontentresearch_2023,C:/Users/casey/Documents/github/sp1_systematic_map/_data/5d_classifier_round2/pdf/baik_2023_an_ecosystem_model_and.pdf,C:/Users/casey/Documents/github/sp1_systematic_map/_data/5d_classifier_round2/csv/baik_2023_an_ecosystem_model_and.csv
Air Quality Management Using Modern Remote Sensing and Spatial Technologies and Associated Societal Costs,"Uddin, W.",2006,uddin_airqualitymanagementmodern_2006,C:/Users/casey/Documents/github/sp1_systematic_map/_data/5d_classifier_round2/pdf/uddin_2006_air_quality_management_using.pdf,C:/Users/casey/Documents/github/sp1_systematic_map/_data/5d_classifier_round2/csv/uddin_2006_air_quality_management_using.csv
"Farmer Perception, Recollection, and Remote Sensing in Weather Index Insurance: An Ethiopia Case Study","Osgood, Daniel and Powell, Bristol and Diro, Rahel and Farah, Carlos and Enenkel, Markus and Brown, Molly E. and Husak, Greg and Blakeley, S. Lucille and Hoffman, Laura and McCarty, Jessica L.",2018,osgood_farmerperceptionrecollectionremote_2018,C:/Users/casey/Documents/github/sp1_systematic_map/_data/5d_classifier_round2/pdf/osgood_2018_farmer_perception_recollection_and.pdf,C:/Users/casey/Documents/github/sp1_systematic_map/_data/5d_classifier_round2/csv/osgood_2018_farmer_perception_recollection_and.csv
The Social Value of Earth Observation: A New Evaluation Framework for Public High-Tech Infrastructures,"Morretta, Valentina and Florio, Massimo and Landoni, Matteo",2023,morretta_socialearthobservationevaluation_2023,C:/Users/casey/Documents/github/sp1_systematic_map/_data/5d_classifier_round2/pdf/morretta_2023_the_social_value_of.pdf,C:/Users/casey/Documents/github/sp1_systematic_map/_data/5d_classifier_round2/csv/morretta_2023_the_social_value_of.csv
The Efficacy of Tm Satellite Imagery for Rapid Assessment of Chihuahuan Xeric Habitat Intactness for Ecoregion-Scale Conservation Planning,"Allnutt, {\relax TF} and Wettengel, {\relax WW} and Reyna, {\relax JV} and Garcia, {\relax RCD} and Elias, {\relax EEI} and Olson, {\relax DM",2002,allnutt_efficacytmsatelliteimagery_2002,C:/Users/casey/Documents/github/sp1_systematic_map/_data/5d_classifier_round2/pdf/allnutt_2002_the_efficacy_of_tm.pdf,C:/Users/casey/Documents/github/sp1_systematic_map/_data/5d_classifier_round2/csv/allnutt_2002_the_efficacy_of_tm.csv
Assessing the Benefit of Satellite-Based Solar-Induced Chlorophyll Fluorescence in Crop Yield Prediction,"Peng, Bin and Guan, Kaiyu and Zhou, Wang and Jiang, Chongya and Frankenberg, Christian and Sun, Ying and He, Liyin and Kohler, Philipp",2020,peng_assessingbenefitsatellitebased_2020,C:/Users/casey/Documents/github/sp1_systematic_map/_data/5d_classifier_round2/pdf/peng_2020_assessing_the_benefit_of.pdf,C:/Users/casey/Documents/github/sp1_systematic_map/_data/5d_classifier_round2/csv/peng_2020_assessing_the_benefit_of.csv
Incorporation of Satellite Remote Sensing Pan-Sharpened Imagery into Digital Soil Prediction and Mapping Models to Characterize Soil Property Variability in Small Agricultural Fields,"Xu, Y. and Smith, S. E. and Grunwald, S. and {Abd-Elrahman}, A. and Wani, S. P.",2017,xu_incorporationsatelliteremotesensing_2017,C:/Users/casey/Documents/github/sp1_systematic_map/_data/5d_classifier_round2/pdf/xu_2017_incorporation_of_satellite_remote.pdf,C:/Users/casey/Documents/github/sp1_systematic_map/_data/5d_classifier_round2/csv/xu_2017_incorporation_of_satellite_remote.csv
Geospatial Information Contribution to Land Use Planning Evidence from Land Cover and Ecosystem Services Maps,"Rey-Valette}, Helene and Maurel, Pierre and Jabbour, Chady and Cousin, Camille and Luque, Sandra and Billaud, Olivier and Salles, Jean Michel",2020,reyvalette_geospatialinformationcontributionland_2020,C:/Users/casey/Documents/github/sp1_systematic_map/_data/5d_classifier_round2/pdf/reyvalette_2020_geospatial_information_contribution_to.pdf,C:/Users/casey/Documents/github/sp1_systematic_map/_data/5d_classifier_round2/csv/reyvalette_2020_geospatial_information_contribution_to.csv
Integrating Research Using Animal-Borne Telemetry with the Needs of Conservation Management,"McGowan, Jennifer and Beger, Maria and Lewison, Rebecca L. and Harcourt, Rob and Campbell, Hamish and Priest, Mark and Dwyer, Ross G. and Lin, Hsien-Yung and Lentini, Pia and Dudgeon, Christine and McMahon, Clive and Watts, Matt and Possingham, Hugh P.",2017,mcgowan_integratingresearchanimalborne_2017,C:/Users/casey/Documents/github/sp1_systematic_map/_data/5d_classifier_round2/pdf/mcgowan_2017_integrating_research_using_animal.pdf,C:/Users/casey/Documents/github/sp1_systematic_map/_data/5d_classifier_round2/csv/mcgowan_2017_integrating_research_using_animal.csv
Cost-Effectiveness of Conservation Strategies Implemented in Boreal Forests: The Area Selection Process,"Wikberg, Sofie and Perhans, Karin and Kindstrand, Claes and Djupstrom, Line Boberg and Boman, Mattias and Mattsson, Leif and Schroeder, Leif Martin and Weslien, Jan and Gustafsson, Lena",2009,wikberg_costeffectivenessconservationstrategies_2009,C:/Users/casey/Documents/github/sp1_systematic_map/_data/5d_classifier_round2/pdf/wikberg_2009_cost_effectiveness_of_conservation.pdf,C:/Users/casey/Documents/github/sp1_systematic_map/_data/5d_classifier_round2/csv/wikberg_2009_cost_effectiveness_of_conservation.csv
Current Policy Issues in Remote Sensing: Report by the International Policy Advisory Committee of Isprs,"Harris, R.",2003,harris_currentpolicyissuesremote_2003,C:/Users/casey/Documents/github/sp1_systematic_map/_data/5d_classifier_round2/pdf/harris_2003_current_policy_issues_in.pdf,C:/Users/casey/Documents/github/sp1_systematic_map/_data/5d_classifier_round2/csv/harris_2003_current_policy_issues_in.csv
Space Assets for Demining Assistance,"Kruijff, Michiel and Eriksson, Daniel and Bouvet, Thomas and Griffiths, Alexander and Craig, Matthew and Sahli, Hichem and {Valcarce Gonzalez-Roson}, Fernando and Willekens, Philippe and Ginati, Amnon",2013,kruijff_spaceassetsdeminingassistance_2013,C:/Users/casey/Documents/github/sp1_systematic_map/_data/5d_classifier_round2/pdf/kruijff_2013_space_assets_for_demining.pdf,C:/Users/casey/Documents/github/sp1_systematic_map/_data/5d_classifier_round2/csv/kruijff_2013_space_assets_for_demining.csv
"Geoinformatics for Disaster Risk Assessment, Monitoring, and Management","Fisher, A. R.",2017,fisher_geoinformaticsdisasterriskassessment_2017,C:/Users/casey/Documents/github/sp1_systematic_map/_data/5d_classifier_round2/pdf/fisher_2017_geoinformatics_for_disaster_risk.pdf,C:/Users/casey/Documents/github/sp1_systematic_map/_data/5d_classifier_round2/csv/fisher_2017_geoinformatics_for_disaster_risk.csv
European Space Agency's Strategic Contribution to Seismology,"Petiteville, Ivan",2013,petiteville_europeanspaceagency'sstrategic_2013,C:/Users/casey/Documents/github/sp1_systematic_map/_data/5d_classifier_round2/pdf/petiteville_2013_european_space_agency_s.pdf,C:/Users/casey/Documents/github/sp1_systematic_map/_data/5d_classifier_round2/csv/petiteville_2013_european_space_agency_s.csv
The Sea from Space-Applying Remote Sensing to Societal Needs,"McCarthy, E. and Lichtman, F.",2007,mccarthy_seaspaceapplyingremote_2007,C:/Users/casey/Documents/github/sp1_systematic_map/_data/5d_classifier_round2/pdf/mccarthy_2007_the_sea_from_space.pdf,C:/Users/casey/Documents/github/sp1_systematic_map/_data/5d_classifier_round2/csv/mccarthy_2007_the_sea_from_space.csv
Keeping up with Remote Sensing and Gi Advances- Policy and Legal Perspectives,"Rao, Mukund and Murthi, K. R. Sridhara",2006,rao_keepingremotesensinggi_2006,C:/Users/casey/Documents/github/sp1_systematic_map/_data/5d_classifier_round2/pdf/rao_2006_keeping_up_with_remote.pdf,C:/Users/casey/Documents/github/sp1_systematic_map/_data/5d_classifier_round2/csv/rao_2006_keeping_up_with_remote.csv
Integrating Indigenous Ecological Knowledge and Multi-Spectral Image Classification for Marine Habitat Mapping in Oceania,"Lauer, Matthew and Aswani, Shankar",2008,lauer_integratingindigenousecologicalknowledge_2008,C:/Users/casey/Documents/github/sp1_systematic_map/_data/5d_classifier_round2/pdf/lauer_2008_integrating_indigenous_ecological_knowledge.pdf,C:/Users/casey/Documents/github/sp1_systematic_map/_data/5d_classifier_round2/csv/lauer_2008_integrating_indigenous_ecological_knowledge.csv
The Role of Remote Sensing in Agriculture and Future Vision,"\v S}af{\'a}{\v r}, V. and Charv{\'a}t, K. and Mildorf, T. and Crehan, P. and Kolitzus, D. and Orlickas, T. and Rimgaila, M. and Ku{\v c}inskas, A. and Rybokien{\.e}, S. and Hor{\'a}kov{\'a}, {\v S} and Kub{\'i}{\v c}kov{\'a}, H.",2022,safar_roleremotesensingagriculture_2022,C:/Users/casey/Documents/github/sp1_systematic_map/_data/5d_classifier_round2/pdf/vs_2022_the_role_of_remote.pdf,C:/Users/casey/Documents/github/sp1_systematic_map/_data/5d_classifier_round2/csv/vs_2022_the_role_of_remote.csv
Valuing the Potential Impacts of Geoss: A Systems Dynamics Approach,"Obersteiner, M. and Rydzak, F. and Fritz, S. and McCallum, I.",2012,obersteiner_valuingpotentialimpactsgeoss_2012,C:/Users/casey/Documents/github/sp1_systematic_map/_data/5d_classifier_round2/pdf/obersteiner_2012_valuing_the_potential_impacts.pdf,C:/Users/casey/Documents/github/sp1_systematic_map/_data/5d_classifier_round2/csv/obersteiner_2012_valuing_the_potential_impacts.csv
Building User-Readiness for Satellite Earth Observing Missions: The Case of the Surface Water and Ocean Topography (Swot) Mission,"Hossain, Faisal and Das, Pritam and Srinivasan, Margaret and Tsontos, Vardis and Oaida, Catalina M. and Nickles, Cassandra and McNelis, Jack and Bonnema, Matthew and Picot, Nicolas and {Pena-Luque}, Santiago and Doorn, Bradley and {Vinogradova-Shiffer}, Nadya and Andral, Alice and Gaultier, Lucile and Jayaluxmi, Indu and Zhu, John and Fernando, Nelun and {Ul-Hasan}, Faizan and Fatima, Bareerah and Ahsan, Mufeezah and Dhanya, C. T. and Jayasinghe, Susantha and Meechaiya, Chinaporn and Barajas, Miguel and Balakrishnan, Vivek and Eldardiry, Hisham and Elkholy, Mohamed and Abdelrazek, Ahmed and Fenoglio, Luciana and Durand, Mike and Wei, Rui and Pavelsky, Tamlin",2022,hossain_buildinguserreadinesssatellite_2022,C:/Users/casey/Documents/github/sp1_systematic_map/_data/5d_classifier_round2/pdf/hossain_2022_building_user_readiness_for.pdf,C:/Users/casey/Documents/github/sp1_systematic_map/_data/5d_classifier_round2/csv/hossain_2022_building_user_readiness_for.csv
Forestry,"Roberts, D.",2014,roberts_forestry_2014,C:/Users/casey/Documents/github/sp1_systematic_map/_data/5d_classifier_round2/pdf/roberts_2014_forestry.pdf,C:/Users/casey/Documents/github/sp1_systematic_map/_data/5d_classifier_round2/csv/roberts_2014_forestry.csv
Reducing the Cost of Multi-Spectral Remote Sensing: Combining near-Infrared Video Imagery with Colour Aerial Photography,"Wright, {\relax GG} and Matthews, {\relax KB} and Cadell, {\relax WM} and Milne, R",2003,wright_reducingcostmultispectral_2003,C:/Users/casey/Documents/github/sp1_systematic_map/_data/5d_classifier_round2/pdf/wright_2003_reducing_the_cost_of.pdf,C:/Users/casey/Documents/github/sp1_systematic_map/_data/5d_classifier_round2/csv/wright_2003_reducing_the_cost_of.csv
Diversity Features Collaboration Technology for Monitoring Forest before and after Hurricane by Remote Sensing,"Zhong, X. and Feng, W. and Quan, Y. and Huang, W. and Xing, M.",2022,zhong_diversityfeaturescollaborationtechnology_2022,C:/Users/casey/Documents/github/sp1_systematic_map/_data/5d_classifier_round2/pdf/zhong_2022_diversity_features_collaboration_technology.pdf,C:/Users/casey/Documents/github/sp1_systematic_map/_data/5d_classifier_round2/csv/zhong_2022_diversity_features_collaboration_technology.csv
"Mapping Regional Land Cover with Modis Data for Biological Conservation: Examples from the Greater Yellowstone Ecosystem, Usa and Para State, Brazil","Wessels, {\relax KJ} and De Fries, {\relax RS} and Dempewolf, J and Anderson, {\relax LO} and Hansen, {\relax AJ} and Powell, {\relax SL} and Moran, {\relax EF",2004,wessels_mappingregionallandcover_2004,C:/Users/casey/Documents/github/sp1_systematic_map/_data/5d_classifier_round2/pdf/wessels_2004_mapping_regional_land_cover.pdf,C:/Users/casey/Documents/github/sp1_systematic_map/_data/5d_classifier_round2/csv/wessels_2004_mapping_regional_land_cover.csv
Factors Affecting Farmer Adoption of Remotely Sensed Imagery for Precision Management in Cotton Production,"Larson, James A. and Roberts, Roland K. and English, Burton C. and Larkin, Sherry L. and Marra, Michele C. and Martin, Steven W. and Paxton, Kenneth W. and Reeves, Jeanne M.",2008,larson_factorsaffectingfarmeradoption_2008,C:/Users/casey/Documents/github/sp1_systematic_map/_data/5d_classifier_round2/pdf/larson_2008_factors_affecting_farmer_adoption.pdf,C:/Users/casey/Documents/github/sp1_systematic_map/_data/5d_classifier_round2/csv/larson_2008_factors_affecting_farmer_adoption.csv
Complementing Satellites and Unmanned Aerial Vehicles for Rangeland Assessment in Patagonia,"Easdale, M. H. and Uma{\~n}a, F. and Raffo, F. and Fari{\~n}a, C. and Bruzzone, O.",2019,easdale_complementingsatellitesunmannedaerial_2019,C:/Users/casey/Documents/github/sp1_systematic_map/_data/5d_classifier_round2/pdf/easdale_2019_complementing_satellites_and_unmanned.pdf,C:/Users/casey/Documents/github/sp1_systematic_map/_data/5d_classifier_round2/csv/easdale_2019_complementing_satellites_and_unmanned.csv
"Smart Solutions for Municipal Flood Management: Overview of Literature, Trends, and Applications in German Cities","Josipovic, Neven and Viergutz, Kathrin",2023,josipovic_smartsolutionsmunicipalflood_2023,C:/Users/casey/Documents/github/sp1_systematic_map/_data/5d_classifier_round2/pdf/josipovic_2023_smart_solutions_for_municipal.pdf,C:/Users/casey/Documents/github/sp1_systematic_map/_data/5d_classifier_round2/csv/josipovic_2023_smart_solutions_for_municipal.csv
"Use of Uav or Remotely Piloted Aircraft and Forward-Looking Infrared in Forest, Rural and Wildland Fire Management: Evaluation Using Simple Economic Analysis","Christensen, B. R.",2015,christensen_uavremotelypilotedaircraft_2015,C:/Users/casey/Documents/github/sp1_systematic_map/_data/5d_classifier_round2/pdf/christensen_2015_use_of_uav_or.pdf,C:/Users/casey/Documents/github/sp1_systematic_map/_data/5d_classifier_round2/csv/christensen_2015_use_of_uav_or.csv
Satellite Remote Sensing as a Tool in Lahar Disaster Management,"Kerle, N and Oppenheimer, C",2002,kerle_satelliteremotesensingtool_2002,C:/Users/casey/Documents/github/sp1_systematic_map/_data/5d_classifier_round2/pdf/kerle_2002_satellite_remote_sensing_as.pdf,C:/Users/casey/Documents/github/sp1_systematic_map/_data/5d_classifier_round2/csv/kerle_2002_satellite_remote_sensing_as.csv
Using Remote Sensing to Evaluate Environmental Institutional Designs: A Habitat Conservation Planning Example,"Schweik, {\relax CM} and Thomas, {\relax CW",2002,schweik_remotesensingevaluateenvironmental_2002,C:/Users/casey/Documents/github/sp1_systematic_map/_data/5d_classifier_round2/pdf/schweik_2002_using_remote_sensing_to.pdf,C:/Users/casey/Documents/github/sp1_systematic_map/_data/5d_classifier_round2/csv/schweik_2002_using_remote_sensing_to.csv
"Measuring Conservation Value at Fine and Broad Scales: Implications for a Diverse and Fragmented Region, the Agulhas Plain","Rouget, M",2003,rouget_measuringconservationfinebroad_2003,C:/Users/casey/Documents/github/sp1_systematic_map/_data/5d_classifier_round2/pdf/rouget_2003_measuring_conservation_value_at.pdf,C:/Users/casey/Documents/github/sp1_systematic_map/_data/5d_classifier_round2/csv/rouget_2003_measuring_conservation_value_at.csv
How Much Would You Pay for a Satellite Image?: Lessons Learned from French Spatial-Data Infrastructure,"Jabbour, Chady and Hoayek, Anis and Maurel, Pierre and {Rey-Valette}, Helene and Salles, Jean-Michel",2020,jabbour_paysatelliteimagelessons_2020,C:/Users/casey/Documents/github/sp1_systematic_map/_data/5d_classifier_round2/pdf/jabbour_2020_how_much_would_you.pdf,C:/Users/casey/Documents/github/sp1_systematic_map/_data/5d_classifier_round2/csv/jabbour_2020_how_much_would_you.csv
"Experiences from Near-Real-Time Satellite-Based Volcano Monitoring in Central America: Case Studies at Fuego, Guatemala","Webley, P. W. and Wooster, M. J. and Strauch, W. and Saballos, J. A. and Dill, K. and Stephenson, P. and Stephenson, J. and Wolf, R. Escobar and Matias, O.",2008,webley_experiencesrealtimesatellite_2008,C:/Users/casey/Documents/github/sp1_systematic_map/_data/5d_classifier_round2/pdf/webley_2008_experiences_from_near_real.pdf,C:/Users/casey/Documents/github/sp1_systematic_map/_data/5d_classifier_round2/csv/webley_2008_experiences_from_near_real.csv
Role of Irs-1c in Developing Remote Sensing Applications for Water Management in India,"Hakeem, K. Abdul and Raju, P. V. and Sankar, E. Siva and Jonna, Saindranath",2021,hakeem_roleirs1cdeveloping_2021,C:/Users/casey/Documents/github/sp1_systematic_map/_data/5d_classifier_round2/pdf/hakeem_2021_role_of_irs_1c.pdf,C:/Users/casey/Documents/github/sp1_systematic_map/_data/5d_classifier_round2/csv/hakeem_2021_role_of_irs_1c.csv
Use of Remote Sensing in Control of Good Agricultural and Environmental Conditions on Agricultural Farms,"Pluto-Kossakowska}, J. and {Osi{\'n}ska-Skotak}, K. and Fija{\l}kowska, A. and Chmiel, J.",2013,plutokossakowska_remotesensingcontrolagricultural_2013,C:/Users/casey/Documents/github/sp1_systematic_map/_data/5d_classifier_round2/pdf/plutokossakowska_2013_use_of_remote_sensing.pdf,C:/Users/casey/Documents/github/sp1_systematic_map/_data/5d_classifier_round2/csv/plutokossakowska_2013_use_of_remote_sensing.csv
Public Health Benefits from Improved Identification of Severe Air Pollution Events with Geostationary Satellite Data,"O'Dell, Katelyn",NA,odell_publichealthbenefitsimproved_2024,C:/Users/casey/Documents/github/sp1_systematic_map/_data/5d_classifier_round2/pdf/odell_public_health_benefits_from.pdf,C:/Users/casey/Documents/github/sp1_systematic_map/_data/5d_classifier_round2/csv/odell_public_health_benefits_from.csv
Satellite Data for the Offshore Renewable Energy Sector: Synergies and Innovation Opportunities,"Medina-Lopez}, E. and McMillan, D. and Lazic, J. and Hart, E. and Zen, S. and Angeloudis, A. and Bannon, E. and Browell, J. and Dorling, S. and Dorrell, R. M. and Forster, R. and Old, C. and Payne, G. S. and Porter, G. and Rabaneda, A. S. and Sellar, B. and Tapoglou, E. and Trifonova, N. and Woodhouse, I. H. and Zampollo, A.",2021,medinalopez_satellitedataoffshorerenewable_2021,C:/Users/casey/Documents/github/sp1_systematic_map/_data/5d_classifier_round2/pdf/medinalopez_2021_satellite_data_for_the.pdf,C:/Users/casey/Documents/github/sp1_systematic_map/_data/5d_classifier_round2/csv/medinalopez_2021_satellite_data_for_the.csv
Translation of Remote Sensing Data into Weed Management Decisions,"Shaw, {\relax DR",2005,shaw_translationremotesensingdata_2005,C:/Users/casey/Documents/github/sp1_systematic_map/_data/5d_classifier_round2/pdf/shaw_2005_translation_of_remote_sensing.pdf,C:/Users/casey/Documents/github/sp1_systematic_map/_data/5d_classifier_round2/csv/shaw_2005_translation_of_remote_sensing.csv
Cooperation in Earth Observation Missions in Africa: A Role for Afrigeoss,"Agbaje, Ganiy I. and John, Olusoji N.",2018,agbaje_cooperationearthobservationmissions_2018,C:/Users/casey/Documents/github/sp1_systematic_map/_data/5d_classifier_round2/pdf/agbaje_2018_cooperation_in_earth_observation.pdf,C:/Users/casey/Documents/github/sp1_systematic_map/_data/5d_classifier_round2/csv/agbaje_2018_cooperation_in_earth_observation.csv
"Monitoring Forest Canopy Cover Change with Icesat-2 Data in Fire-Prone Areas: A Case Study in Antalya, T\""urkiye","Akturk, E.",2023,akturk_monitoringforestcanopycover_2023,C:/Users/casey/Documents/github/sp1_systematic_map/_data/5d_classifier_round2/pdf/akturk_2023_monitoring_forest_canopy_cover.pdf,C:/Users/casey/Documents/github/sp1_systematic_map/_data/5d_classifier_round2/csv/akturk_2023_monitoring_forest_canopy_cover.csv
An Evaluation of Public Servant Awareness and Use of Gis/Remote Sensing in Africa-Nigeria,"Asiyanbola, Raimi Abidemi",2018,asiyanbola_evaluationpublicservantawareness_2018,C:/Users/casey/Documents/github/sp1_systematic_map/_data/5d_classifier_round2/pdf/asiyanbola_2018_an_evaluation_of_public.pdf,C:/Users/casey/Documents/github/sp1_systematic_map/_data/5d_classifier_round2/csv/asiyanbola_2018_an_evaluation_of_public.csv
May Smart Technologies Reduce the Environmental Impact of Nitrogen Fertilization? A Case Study for Paddy Rice,"Bacenetti, Jacopo and Paleari, Livia and Tartarini, Sofia and Vesely, Fosco M. and Foi, Marco and Movedi, Ermes and Ravasi, Riccardo A. and Bellopede, Valeria and Durello, Stefano and Ceravolo, Carlo and Amicizia, Francesca and Confalonieri, Roberto",2020,bacenetti_smarttechnologiesreduceenvironmental_2020,C:/Users/casey/Documents/github/sp1_systematic_map/_data/5d_classifier_round2/pdf/bacenetti_2020_may_smart_technologies_reduce.pdf,C:/Users/casey/Documents/github/sp1_systematic_map/_data/5d_classifier_round2/csv/bacenetti_2020_may_smart_technologies_reduce.csv
Remote Sensing Products and Services in Support of Agricultural Public Policies in Africa: Overview and Challenges,"Begue, Agnes and Leroux, Louise and Soumare, Mamy and Faure, Jean-Francois and Diouf, Abdoul Aziz and Augusseau, Xavier and Toure, Labaly and Tonneau, Jean-Philippe",2020,begue_remotesensingproductsservices_2020,C:/Users/casey/Documents/github/sp1_systematic_map/_data/5d_classifier_round2/pdf/begue_2020_remote_sensing_products_and.pdf,C:/Users/casey/Documents/github/sp1_systematic_map/_data/5d_classifier_round2/csv/begue_2020_remote_sensing_products_and.csv
