title,author,year,pdf_out,csv_out
Investigating the Global Socio-Economic Benefits of Satellite Industry and Remote Sensing Applications,"Alvino, Letizia and Marino, Stefano and Ahmad, Uzair and Alvino, Arturo",2020,_data/societal_benefits/pdf/alvino_2020_investigating_the_global_socio.pdf,_data/societal_benefits/csv/alvino_2020_investigating_the_global_socio.csv
Earth Observation in Service of the 2030 Agenda for Sustainable Development,"Anderson, Katherine and Ryan, Barbara and Sonntag, William and Kavvada, Argyro and Friedl, Lawrence",2017,_data/societal_benefits/pdf/anderson_2017_earth_observation_in_service.pdf,_data/societal_benefits/csv/anderson_2017_earth_observation_in_service.csv
Using Data from Earth Observation to Support Sustainable Development Indicators: An Analysis of the Literature and Challenges for the Future,"Andries, Ana and Morse, Stephen and Murphy, Richard J. and Lynch, Jim and Woolliams, Emma R.",2022,_data/societal_benefits/pdf/andries_2022_using_data_from_earth.pdf,_data/societal_benefits/csv/andries_2022_using_data_from_earth.csv
Valuing User Preferences for Geospatial Fire Monitoring in Guatemala,"Berenter, Jared and Morrison, Isaac and Mueller, Julie M.",2021,_data/societal_benefits/pdf/berenter_2021_valuing_user_preferences_for.pdf,_data/societal_benefits/csv/berenter_2021_valuing_user_preferences_for.csv
Earth Observations Can Enable Cost-Effective Conservation of Eastern North Pacific Blue Whales: A Value of Information Analysis,"Bernknopf, Richard and Steinkruger, Andrew and Kuwayama, Yusuke",2021,_data/societal_benefits/pdf/bernknopf_2021_earth_observations_can_enable.pdf,_data/societal_benefits/csv/bernknopf_2021_earth_observations_can_enable.csv
Economic Assessment of the Use Value of Geospatial Information,"Bernknopf, Richard and Shapiro, Carl",2015,_data/societal_benefits/pdf/bernknopf_2015_economic_assessment_of_the.pdf,_data/societal_benefits/csv/bernknopf_2015_economic_assessment_of_the.csv
Monetising the Savings of Remotely Sensed Data and Information in Burn Area Emergency Response (BAER) Wildfire Assessment,"Bernknopf, Richard and Kuwayama, Yusuke and Gibson, Reily and Blakely, Jessica and Mabee, Bethany and Clifford, T. J. and Quayle, Brad and Epting, Justin and Hardy, Terry and Goodrich, David",2021,_data/societal_benefits/pdf/bernknopf_2021_monetising_the_savings_of.pdf,_data/societal_benefits/csv/bernknopf_2021_monetising_the_savings_of.csv
The Value of Remotely Sensed Information: The Case of a GRACE-Enhanced Drought Severity Index,"Bernknopf, Richard and Brookshire, David and Kuwayama, Yusuke and Macauley, Molly and Rodell, Matthew and Thompson, Alexandra and Vail, Peter and Zaitchik, Benjamin",2018,_data/societal_benefits/pdf/bernknopf_2018_the_value_of_remotely.pdf,_data/societal_benefits/csv/bernknopf_2018_the_value_of_remotely.csv
Socio-Economic Benefits from the Use of Earth Observation,"Borzacchiello, Maria Teresa and Craglia, Massimo",2011,_data/societal_benefits/pdf/borzacchiello_2011_socio_economic_benefits_from.pdf,_data/societal_benefits/csv/borzacchiello_2011_socio_economic_benefits_from.csv
Assessing the Value of Information for Water Quality Management in the North Sea,"Bouma, J. A. and {van der Woerd}, H. J. and Kuik, O. J.",2009,_data/societal_benefits/pdf/bouma_2009_assessing_the_value_of.pdf,_data/societal_benefits/csv/bouma_2009_assessing_the_value_of.csv
Assessing the Value of Earth Observation for Managing Coral Reefs: An Example from the Great Barrier Reef,"Bouma, Jetske A. and Kuik, Onno and Dekker, Arnold G.",2011,_data/societal_benefits/pdf/bouma_2011_assessing_the_value_of.pdf,_data/societal_benefits/csv/bouma_2011_assessing_the_value_of.csv
The Value of Earth Observation for Managing the Great Barrier Reef,"Bouma, Jetske and Kuik, Onno and Dekker, Arnold",NA,_data/societal_benefits/pdf/bouma_the_value_of_earth.pdf,_data/societal_benefits/csv/bouma_the_value_of_earth.csv
The Value of Earth Observation for Marine Water Quality Management,"Bouma, J. A. and Kuik, O. J. and {van der Woerd}, H. J. and Dekker, A. G.",2009,_data/societal_benefits/pdf/bouma_2009_the_value_of_earth.pdf,_data/societal_benefits/csv/bouma_2009_the_value_of_earth.csv
Bayesian Framework for Assessing the Value of Scientific Space Systems: Value of Information Approach with Application to Earth Science Spacecraft,"Brathwaite, Joy and Saleh, Joseph H.",2013,_data/societal_benefits/pdf/brathwaite_2013_bayesian_framework_for_assessing.pdf,_data/societal_benefits/csv/brathwaite_2013_bayesian_framework_for_assessing.csv
Empowering Brazilian Unprivileged Communities with High Geotechnological Tools,"Brito, Patricia Lustosa and Reis, Daniel Nadier Cavalcanti and Brito, Ricardo Lustosa and {de Oliveira Fernandes}, Vivian and Alixandrini, Mauro",2013,_data/societal_benefits/pdf/brito_2013_empowering_brazilian_unprivileged_communities.pdf,_data/societal_benefits/csv/brito_2013_empowering_brazilian_unprivileged_communities.csv
Economic Potential of Oil Palm Plantation Using Remote Sensing-Based Technology in Indonesia,"Center for Aerospace Policy Studies, National Institute of Aeronautics and Space (LAPAN), Indonesia} and Diana, Shinta Rahma and Farida, Farida and {Faculty of Economics and Bussiness, UPI, YAI, Indonesia",2021,_data/societal_benefits/pdf/centerforaerospacepolicystudies_2021_economic_potential_of_oil.pdf,_data/societal_benefits/csv/centerforaerospacepolicystudies_2021_economic_potential_of_oil.csv
Operational Use and Impact of Satellite Remotely Sensed Ocean Surface Vector Winds in the Marine Warning and Forecasting Environment,"Chang, Paul and Jelenak, Zorena and Sienkiewicz, Joseph and Knabb, Richard and Brennan, Michael and Long, David and Freeberg, Mark",2009,_data/societal_benefits/pdf/chang_2009_operational_use_and_impact.pdf,_data/societal_benefits/csv/chang_2009_operational_use_and_impact.csv
Assessing the Full Effects of Public Investment in Space,"Clark, John and Koopmans, Carl and Hof, Bert and Knee, Paula and Lieshout, Rogier and Simmonds, Paul and Wokke, Frank",2014,_data/societal_benefits/pdf/clark_2014_assessing_the_full_effects.pdf,_data/societal_benefits/csv/clark_2014_assessing_the_full_effects.csv
Earth Observation in a Cost-Benefit Analysis Perspective: Cosmo SkyMed Satellites of the Italian Space Agency,"Cl{\`o}, Stefano and Florio, Massimo and Morretta, Valentina and Vurchio, Davide",NA,_data/societal_benefits/pdf/clo_earth_observation_in_a.pdf,_data/societal_benefits/csv/clo_earth_observation_in_a.csv
Market-Based Methods for Monetizing Uncertainty Reduction,"Cooke, Roger and Golub, Alexander",2020,_data/societal_benefits/pdf/cooke_2020_market_based_methods_for.pdf,_data/societal_benefits/csv/cooke_2020_market_based_methods_for.csv
Value of Information for Climate Observing Systems,"Cooke, Roger and Wielicki, Bruce A. and Young, David F. and Mlynczak, Martin G.",2014,_data/societal_benefits/pdf/cooke_2014_value_of_information_for.pdf,_data/societal_benefits/csv/cooke_2014_value_of_information_for.csv
Cost and Value of Multidisciplinary Fixed-Point Ocean Observatories,"Cristini, Luisa and Lampitt, Richard S. and Cardin, Vanessa and Delory, Eric and Haugan, Peter and O'Neill, Nick and Petihakis, George and Ruhl, Henry A.",2016,_data/societal_benefits/pdf/cristini_2016_cost_and_value_of.pdf,_data/societal_benefits/csv/cristini_2016_cost_and_value_of.csv
An Analysis of the Value of Additional Information Provided by a Water Quality Measurement Network,"Destandau, F. and Diop, A. P.",2016,_data/societal_benefits/pdf/destandau_2016_an_analysis_of_the.pdf,_data/societal_benefits/csv/destandau_2016_an_analysis_of_the.csv
Intangible Economic Benefit of Remote Sensing Data in Indonesia,"Diana, Shinta Rahma and Ibrahim, Ida Musdafia",2020,_data/societal_benefits/pdf/diana_2020_intangible_economic_benefit_of.pdf,_data/societal_benefits/csv/diana_2020_intangible_economic_benefit_of.csv
CEOS Contributions to Informing Energy Management and Policy Decision Making Using Space-Based Earth Observations,"Eckman, Richard S. and Stackhouse, Paul W.",2012,_data/societal_benefits/pdf/eckman_2012_ceos_contributions_to_informing.pdf,_data/societal_benefits/csv/eckman_2012_ceos_contributions_to_informing.csv
Seeing Our Planet Whole: A Cultural and Ethical View of Earth Observation,"Eyres, Harry",2017,_data/societal_benefits/pdf/eyres_2017_seeing_our_planet_whole.pdf,_data/societal_benefits/csv/eyres_2017_seeing_our_planet_whole.csv
Free Satellite Imagery and Digital Elevation Model Analyses Enabling Natural Resource Management in the Developing World: Case Studies from Eastern Indonesia,"Fisher, Rohan Peter and Hobgen, Sarah Elizabeth and Haleberek, Kristianus and Sula, Nelson and Mandaya, Iradaf",2018,_data/societal_benefits/pdf/fisher_2018_free_satellite_imagery_and.pdf,_data/societal_benefits/csv/fisher_2018_free_satellite_imagery_and.csv
An Economic Value of Remote Sensing Information: Application to Agricultural Production and Maintaining Ground Water Quality,"Forney, William M. and Raunikar, R. and Mishra, Shruti and Bernknopf, R.",2012,_data/societal_benefits/pdf/forney_2012_an_economic_value_of.pdf,_data/societal_benefits/csv/forney_2012_an_economic_value_of.csv
A Conceptual Framework for Assessing the Benefits of a Global Earth Observation System of Systems,"Fritz, S. and Scholes, R.J. and Obersteiner, M. and Bouma, J. and Reyers, B.",2008,_data/societal_benefits/pdf/fritz_2008_a_conceptual_framework_for.pdf,_data/societal_benefits/csv/fritz_2008_a_conceptual_framework_for.csv
Essential Variables for Environmental Monitoring: What Are the Possible Contributions of Earth Observation Data Cubes,"Giuliani, Gregory and Egger, Elvire and Italiano, Julie and Poussin, Charlotte and Richard, Jean-Philippe and Chatenoux, Bruno",2020,_data/societal_benefits/pdf/giuliani_2020_essential_variables_for_environmental.pdf,_data/societal_benefits/csv/giuliani_2020_essential_variables_for_environmental.csv
Knowledge Generation Using Satellite Earth Observations to Support Sustainable Development Goals (SDG): A Use Case on Land Degradation,"Giuliani, Gregory and Mazzetti, Paolo and Santoro, Mattia and Nativi, Stefano and Van Bemmelen, Joost and Colangeli, Guido and Lehmann, Anthony",2020,_data/societal_benefits/pdf/giuliani_2020_knowledge_generation_using_satellite.pdf,_data/societal_benefits/csv/giuliani_2020_knowledge_generation_using_satellite.csv
As Seen From Space: Tele-Epidemiological Data as Pandemic Memory,"Gleason, Louis",2022,_data/societal_benefits/pdf/gleason_2022_as_seen_from_space.pdf,_data/societal_benefits/csv/gleason_2022_as_seen_from_space.csv
Use of Climate Information for Socio-Economic Benefits,"Gunasekera, Don",2010,_data/societal_benefits/pdf/gunasekera_2010_use_of_climate_information.pdf,_data/societal_benefits/csv/gunasekera_2010_use_of_climate_information.csv
A Cost-Benefit Analysis of The National Map,"Halsing, David L. and Theissen, Kevin and Bernknopf, Richard",2003,_data/societal_benefits/pdf/halsing_2003_a_cost_benefit_analysis.pdf,_data/societal_benefits/csv/halsing_2003_a_cost_benefit_analysis.csv
Earth Observation and the Public Good,"Harris, Ray and Miller, Lewis",2011,_data/societal_benefits/pdf/harris_2011_earth_observation_and_the.pdf,_data/societal_benefits/csv/harris_2011_earth_observation_and_the.csv
Pricing Policy and Legal Issues: 6th and 7th EOPOLE Workshops,"Harris, Ray and Olby, Nicola",2000,_data/societal_benefits/pdf/harris_2000_pricing_policy_and_legal.pdf,_data/societal_benefits/csv/harris_2000_pricing_policy_and_legal.csv
A Method for Estimating the Socioeconomic Impact of Earth Observations in Wildland Fire Suppression Decisions,"Herr, Vincent and Kochanski, Adam K. and Miller, Van V. and McCrea, Rich and O'Brien, Dan and Mandel, Jan",2020,_data/societal_benefits/pdf/herr_2020_a_method_for_estimating.pdf,_data/societal_benefits/csv/herr_2020_a_method_for_estimating.csv
The Potential Value of Improved Ocean Observation Systems in the Gulf of Mexico,"Kaiser, Mark J. and Pulsipher, Allan G.",2004,_data/societal_benefits/pdf/kaiser_2004_the_potential_value_of.pdf,_data/societal_benefits/csv/kaiser_2004_the_potential_value_of.csv
Agricultural Producers' Willingness to Pay for Real-Time Mesoscale Weather Information,"Kenkel, Phil L. and Norris, Patricia E.",1995,_data/societal_benefits/pdf/kenkel_1995_agricultural_producers_willingness_to.pdf,_data/societal_benefits/csv/kenkel_1995_agricultural_producers_willingness_to.csv
Valuing Weather Observation Systems For Forest Fire Management,"Khabarov, N. and Moltchanova, E. and Obersteiner, M.",2008,_data/societal_benefits/pdf/khabarov_2008_valuing_weather_observation_systems.pdf,_data/societal_benefits/csv/khabarov_2008_valuing_weather_observation_systems.csv
Assessing the Economic Value of Early Warning Systems,"Klafft, Michael and Meissen, Ulrich",2011,_data/societal_benefits/pdf/klafft_2011_assessing_the_economic_value.pdf,_data/societal_benefits/csv/klafft_2011_assessing_the_economic_value.csv
A Scalable Earth Observations-Based Decision Support System for Hydropower Planning in Africa,"Koppa, Akash and Gebremichael, Mekonnen and Hopson, Thomas M. and Riddle, Emily and Boehnert, Jennifer and Broman, Daniel P.",2021,_data/societal_benefits/pdf/koppa_2021_a_scalable_earth_observations.pdf,_data/societal_benefits/csv/koppa_2021_a_scalable_earth_observations.csv
The Value of Information: Methodological Frontiers and New Applications in Environment and Health,NA,2012,_data/societal_benefits/pdf/2012_the_value_of_information.pdf,_data/societal_benefits/csv/2012_the_value_of_information.csv
Using Earth Observations to Enhance Water Resources Decision-Making and Disaster Assessment Processes in the United States and the Developing World,"Lee, Christine M. and Searby, Nancy D. and Hemmings, Sarah N.",2013,_data/societal_benefits/pdf/lee_2013_using_earth_observations_to.pdf,_data/societal_benefits/csv/lee_2013_using_earth_observations_to.csv
Data Poverty: A Global Evaluation for 2009 to 2013 - Implications for Sustainable Development and Disaster Risk Reduction,"Leidig, Mathias and Teeuw, Richard M. and Gibson, Andrew D.",2016,_data/societal_benefits/pdf/leidig_2016_data_poverty_a_global.pdf,_data/societal_benefits/csv/leidig_2016_data_poverty_a_global.csv
Do Users Benefit from Additional Information in Support of Operational Drought Management Decisions in the Ebro Basin?,"Lin{\'e}s, Clara and Iglesias, Ana and Garrote, Luis and Sot{\'e}s, Vicente and Werner, Micha",2018,_data/societal_benefits/pdf/line_2018_do_users_benefit_from.pdf,_data/societal_benefits/csv/line_2018_do_users_benefit_from.csv
Valuing Geospatial Information: Using the Contingent Valuation Method to Estimate the Economic Benefits of Landsat Satellite Imagery,"Loomis, John and Koontz, Steve and Miller, Holly and Richardson, Leslie",2015,_data/societal_benefits/pdf/loomis_2015_valuing_geospatial_information_using.pdf,_data/societal_benefits/csv/loomis_2015_valuing_geospatial_information_using.csv
Ascribing Societal Benefit to Environmental Observations of the Earth from Space: The Multiangle Imaging Spectroradiometer (Misr,"Macauley, Molly K.",2006,_data/societal_benefits/pdf/macauley_2006_ascribing_societal_benefit_to.pdf,_data/societal_benefits/csv/macauley_2006_ascribing_societal_benefit_to.csv
Ascribing Societal Benefit to Applied Remote Sensing Data Products: An Examination of Methodologies Based on the Multi-angle Imaging SpectroRadiometer Experience,"Macauley, Molly K. and Diner, David J.",2007,_data/societal_benefits/pdf/macauley_2007_ascribing_societal_benefit_to.pdf,_data/societal_benefits/csv/macauley_2007_ascribing_societal_benefit_to.csv
From Science to Applications: Determinants of Diffusion in the Use of Earth Observations,"Macauley, Molly K. and Maher, Joseph Andrew and Shih, J. S.",2010,_data/societal_benefits/pdf/macauley_2010_from_science_to_applications.pdf,_data/societal_benefits/csv/macauley_2010_from_science_to_applications.csv
The Value of Information: Measuring the Contribution of Space-Derived Earth Science Data to Resource Management,"Macauley, Molly K.",2006,_data/societal_benefits/pdf/macauley_2006_the_value_of_information.pdf,_data/societal_benefits/csv/macauley_2006_the_value_of_information.csv
The Role of Stakeholders in Creating Societal Value From Coastal and Ocean Observations,"Mackenzie, Bev and Celliers, Louis and Assad, Luiz Paulo De Freitas and Heymans, Johanna J. and Rome, Nicholas and Thomas, Julie and Anderson, Clarissa and Behrens, James and Calverley, Mark and Desai, Kruti and DiGiacomo, Paul M. and Djavidnia, Samy and Dos Santos, Francisco and Eparkhina, Dina and Ferrari, Jos{\'e} and Hanly, Caitriona and Houtman, Bob and Jeans, Gus and Landau, Luiz and Larkin, Kate and Legler, David and Le Traon, Pierre-Yves and Lindstrom, Eric and Loosley, David and Nolan, Glenn and Petihakis, George and Pellegrini, Julio and Roberts, Zoe and Siddorn, John R. and Smail, Emily and {Sousa-Pinto}, Isabel and Terrill, Eric",2019,_data/societal_benefits/pdf/mackenzie_2019_the_role_of_stakeholders.pdf,_data/societal_benefits/csv/mackenzie_2019_the_role_of_stakeholders.csv
Using Architecture Modeling to Assess the Societal Benefits of the Global Earth Observation System-of-Systems,"Martin, J.N.",2008,_data/societal_benefits/pdf/martin_2008_using_architecture_modeling_to.pdf,_data/societal_benefits/csv/martin_2008_using_architecture_modeling_to.csv
Banda Aceh-The Value of Earth Observation Data in Disaster Recovery and Reconstruction: A Case Study,"McCallum, I. and Kidd, R. and Fritz, S. and Kraxner, F. and Obersteiner, M. and Shvidenko, Anatoly",2008,_data/societal_benefits/pdf/mccallum_2008_banda_aceh_the_value.pdf,_data/societal_benefits/csv/mccallum_2008_banda_aceh_the_value.csv
"Users, Uses, and Value of Landsat Satellite Imagery: Results from the 2012 Survey of Users","Miller, Holly M. and Richardson, Leslie A. and Koontz, Stephen R. and Loomis, John and Koontz, Lynne",2013,_data/societal_benefits/pdf/miller_2013_users_uses_and_value.pdf,_data/societal_benefits/csv/miller_2013_users_uses_and_value.csv
Improved Hydrological Decision Support System for the Lower Mekong River Basin Using Satellite-Based Earth Observations,"Mohammed, Ibrahim and Bolten, John and Srinivasan, Raghavan and Lakshmi, Venkat",2018,_data/societal_benefits/pdf/mohammed_2018_improved_hydrological_decision_support.pdf,_data/societal_benefits/csv/mohammed_2018_improved_hydrological_decision_support.csv
Landsat Data Ecosystem Case Study: Actor Perceptions of the Use and Value of Landsat,"Molder, Edmund B. and Schenkein, Sarah F. and McConnell, Abby E. and Benedict, Karl K. and Straub, Crista L.",2022,_data/societal_benefits/pdf/molder_2022_landsat_data_ecosystem_case.pdf,_data/societal_benefits/csv/molder_2022_landsat_data_ecosystem_case.csv
Integrating Earth Observation Data into Geospatial Databases That Support Public Health Decisions,"Morain, S. A. and Budge, A. M.",2006,_data/societal_benefits/pdf/morain_2006_integrating_earth_observation_data.pdf,_data/societal_benefits/csv/morain_2006_integrating_earth_observation_data.csv
The Socio-Economic Value of Scientific Publications: The Case of Earth Observation Satellites,"Morretta, Valentina and Vurchio, Davide and Carrazza, Stefano",2022,_data/societal_benefits/pdf/morretta_2022_the_socio_economic_value.pdf,_data/societal_benefits/csv/morretta_2022_the_socio_economic_value.csv
"The Value of Satellite-Based Active Fire Data for Monitoring, Reporting and Verification of REDD+ in the Lao PDR","M{\""u}ller, Daniel and Suess, Stefan and Hoffmann, Anja A. and Buchholz, Georg",2013,_data/societal_benefits/pdf/mu_2013_the_value_of_satellite.pdf,_data/societal_benefits/csv/mu_2013_the_value_of_satellite.csv
Visual Evidence from Above: Assessing the Value of Earth Observation Satellites for Supporting Human Rights,"Notley, Tanya and {Webb-Gannon}, Camellia",2016,_data/societal_benefits/pdf/notley_2016_visual_evidence_from_above.pdf,_data/societal_benefits/csv/notley_2016_visual_evidence_from_above.csv
The Value of Near Real-Time Earth Observations for Improved Flood Disaster Response,"Oddo, Perry C. and Bolten, John D.",2019,_data/societal_benefits/pdf/oddo_2019_the_value_of_near.pdf,_data/societal_benefits/csv/oddo_2019_the_value_of_near.csv
Enhancing the Standardized Drought Vulnerability Index by Integrating Spatiotemporal Information from Satellite and in Situ Data,"Oikonomou, Panagiotis D. and Tsesmelis, Demetrios E. and Waskom, Reagan M. and Grigg, Neil S. and Karavitis, Christos A.",2019,_data/societal_benefits/pdf/oikonomou_2019_enhancing_the_standardized_drought.pdf,_data/societal_benefits/csv/oikonomou_2019_enhancing_the_standardized_drought.csv
Satellite Earth Observations and Their Impact on Society and Policy,NA,2017,_data/societal_benefits/pdf/2017_satellite_earth_observations_and.pdf,_data/societal_benefits/csv/2017_satellite_earth_observations_and.csv
"Demonstrating the Value of Earth Observations---Methods, Practical Applications, and Solutions---Group on Earth Observations Side Event Proceedings","Pearlman, Francoise and Lawrence, Collin B. and Pindilli, Emily J. and Geppi, Denna and Shapiro, Carl D. and Grasso, Monica and Pearlman, Jay and Adkins, Jeffery and Sawyer, Geoff and Tassa, Alessandra",2019,_data/societal_benefits/pdf/pearlman_2019_demonstrating_the_value_of.pdf,_data/societal_benefits/csv/pearlman_2019_demonstrating_the_value_of.csv
NOAA Science Challenge Workshop,"Pendleton, Linwood and Wiley, Peter and {Beller-Simms}, Nancy and Curtis, Rita and Gaynor, John and Huffer, Hillary and Morris, Charlie and Sagar, Heather and Smith, Adam and Sprague, Jennifer and Triezenberg, Heather",2011,_data/societal_benefits/pdf/pendleton_2011_noaa_science_challenge_workshop.pdf,_data/societal_benefits/csv/pendleton_2011_noaa_science_challenge_workshop.csv
Australian Earth Observation Community Plan 2026: Delivering Essential Information and Services for Australia's Future; Australian Earth Observation Community Coordinating Group. 2016,"Phinn, S. and Dekker, A. and Held, A. and Lane, A. and Legresy, B. and Lewis, A. and Lucieer, A. and Ong, C. and Paudyal, D. and Penning, C.",NA,_data/societal_benefits/pdf/phinn_australian_earth_observation_community.pdf,_data/societal_benefits/csv/phinn_australian_earth_observation_community.csv
What Is the Economic Value of Satellite Imagery?,"Raunikar, Ronald P. and Forney, William M. and Benjamin, Susan P.",2013,_data/societal_benefits/pdf/raunikar_2013_what_is_the_economic.pdf,_data/societal_benefits/csv/raunikar_2013_what_is_the_economic.csv
"Interactive Model for Assessing Mangrove Health, Ecosystem Services, Policy Consequences, and Satellite Design in Rio de Janeiro Using Earth Observation Data","Reida, Jack B. and Wood, Danielle",2020,_data/societal_benefits/pdf/reida_2020_interactive_model_for_assessing.pdf,_data/societal_benefits/csv/reida_2020_interactive_model_for_assessing.csv
A PROFESSIONAL REVIEW FOR INTEGRATION OF EARTH OBSERVATIONS INTO FEWS NET DECISION SUPPORT,"Ross, Kenton W. and Underwood, Lauren W. and Brown, Molly E.",NA,_data/societal_benefits/pdf/ross_a_professional_review_for.pdf,_data/societal_benefits/csv/ross_a_professional_review_for.csv
Impact of Global Earth Observation-Systemic View across GEOSS Societal Benefit Area,"Rydzak, Felicjan and Obersteiner, Michael and Kraxner, Florian",2010,_data/societal_benefits/pdf/rydzak_2010_impact_of_global_earth.pdf,_data/societal_benefits/csv/rydzak_2010_impact_of_global_earth.csv
Landsat and Water: Case Studies of the Uses and Benefits of Landsat Imagery in Water Resources,"Serbina, Larisa O. and Miller, Holly M.",2014,_data/societal_benefits/pdf/serbina_2014_landsat_and_water_case.pdf,_data/societal_benefits/csv/serbina_2014_landsat_and_water_case.csv
Enhancing Access and Usage of Earth Observations in Environmental Decision-Making in Eastern and Southern Africa Through Capacity Building,"Shukla, Shraddhanand and Macharia, Denis and Husak, Gregory J. and Landsfeld, Martin and Nakalembe, Catherine Lilian and Blakeley, S. Lucille and Adams, Emily Caitlin and {Way-Henthorne}, Juliet",2021,_data/societal_benefits/pdf/shukla_2021_enhancing_access_and_usage.pdf,_data/societal_benefits/csv/shukla_2021_enhancing_access_and_usage.csv
Enhancing the Application of Earth Observations for Improved Environmental Decision-Making Using the Early Warning eXplorer (EWX,"Shukla, Shraddhanand and Landsfeld, Martin and Anthony, Michelle and Budde, Michael and Husak, Gregory J. and Rowland, James and Funk, Chris",2021,_data/societal_benefits/pdf/shukla_2021_enhancing_the_application_of.pdf,_data/societal_benefits/csv/shukla_2021_enhancing_the_application_of.csv
Valuation of Calibration for Satellite Constellations,"Siddiqi, Afreen and Baber, Sheila and {de Weck}, Olivier L and Durell, Chris and Russell, Brandon and Holt, Jeff",2019,_data/societal_benefits/pdf/siddiqi_2019_valuation_of_calibration_for.pdf,_data/societal_benefits/csv/siddiqi_2019_valuation_of_calibration_for.csv
POSITION PAPER - EVALUATION METHODS AND TECHNIQUES,"Smart, Alan",NA,_data/societal_benefits/pdf/smart_position_paper_evaluation_methods.pdf,_data/societal_benefits/csv/smart_position_paper_evaluation_methods.csv
Geographic Microtargeting of Social Assistance with High-Resolution Poverty Maps,"Smythe, Isabella S. and Blumenstock, Joshua E.",2022,_data/societal_benefits/pdf/smythe_2022_geographic_microtargeting_of_social.pdf,_data/societal_benefits/csv/smythe_2022_geographic_microtargeting_of_social.csv
Engaging Global Youth in Participatory Spatial Data Creation for the UN Sustainable Development Goals: The Case of Open Mapping for Malaria Prevention,"Sol{\'i}s, Patricia and McCusker, Brent and Menkiti, Nwasinachi and Cowan, Nuala and Blevins, Chad",2018,_data/societal_benefits/pdf/soli_2018_engaging_global_youth_in.pdf,_data/societal_benefits/csv/soli_2018_engaging_global_youth_in.csv
A Benefit-Cost Analysis of a Regional Global Ocean Observing System: Seawatch Europe,"Stel, Jan H and Mannix, Brian F",1996,_data/societal_benefits/pdf/stel_1996_a_benefit_cost_analysis.pdf,_data/societal_benefits/csv/stel_1996_a_benefit_cost_analysis.csv
Quantifying the Human Health Benefits of Using Satellite Information to Detect Cyanobacterial Harmful Algal Blooms and Manage Recreational Advisories in U.S. Lakes,"Stroming, Signe and Robertson, Molly and Mabee, Bethany and Kuwayama, Yusuke and Schaeffer, Blake",2020,_data/societal_benefits/pdf/stroming_2020_quantifying_the_human_health.pdf,_data/societal_benefits/csv/stroming_2020_quantifying_the_human_health.csv
Using Satellite Data to Fill the Gaps in the US Air Pollution Monitoring Network,"Sullivan, Daniel M and Krupnick, Alan",NA,_data/societal_benefits/pdf/sullivan_using_satellite_data_to.pdf,_data/societal_benefits/csv/sullivan_using_satellite_data_to.csv
Program Goals for the NASA/NOAA Earth Observation Program Derived from a Stakeholder Value Network Analysis,"Sutherland, Timothy A. and Cameron, Bruce G. and Crawley, Edward F.",2012,_data/societal_benefits/pdf/sutherland_2012_program_goals_for_the.pdf,_data/societal_benefits/csv/sutherland_2012_program_goals_for_the.csv
"On-Going European Space Agency Activities on Measuring the Benefits of Earth Observations to Society: Challenges, Achievements and Next Steps","Tassa, Alessandra and Willekens, Stephanie and Lahcen, Arne and Laurich, Laurent and Mathieu, Charlotte",2022,_data/societal_benefits/pdf/tassa_2022_on_going_european_space.pdf,_data/societal_benefits/csv/tassa_2022_on_going_european_space.csv
"The Socio-Economic Value of Satellite Earth Observations: Huge, yet to Be Measured","Tassa, Alessandra",2020,_data/societal_benefits/pdf/tassa_2020_the_socio_economic_value.pdf,_data/societal_benefits/csv/tassa_2020_the_socio_economic_value.csv
Ten Rules to Increase the Societal Value of Earth Observations,"Virapongse, Arika and Pearlman, Francoise and Pearlman, Jay and Murambadoro, Miriam D. and Kuwayama, Yusuke and Glasscoe, Margaret T.",2020,_data/societal_benefits/pdf/virapongse_2020_ten_rules_to_increase.pdf,_data/societal_benefits/csv/virapongse_2020_ten_rules_to_increase.csv
The Social Innovation Potential of ICT-enabled Citizen Observatories to Increase eParticipation in Local Flood Risk Management,"Wehn, Uta and Evers, Jaap",2015,_data/societal_benefits/pdf/wehn_2015_the_social_innovation_potential.pdf,_data/societal_benefits/csv/wehn_2015_the_social_innovation_potential.csv
Potential Benefits of Coastal Ocean Observing Systems to Alaskan Commercial Fisheries,"Wellman, Katharine F. and Hartley, Marcus",2008,_data/societal_benefits/pdf/wellman_2008_potential_benefits_of_coastal.pdf,_data/societal_benefits/csv/wellman_2008_potential_benefits_of_coastal.csv
The Socioeconomic Benefits of Earth Science and Applications Research: Reducing the Risks and Costs of Natural Disasters in the USA,"Williamson, Ray A and Hertzfeld, Henry R and Cordes, Joseph and Logsdon, John M",2002,_data/societal_benefits/pdf/williamson_2002_the_socioeconomic_benefits_of.pdf,_data/societal_benefits/csv/williamson_2002_the_socioeconomic_benefits_of.csv
Cloud Services with Big Data Provide a Solution for Monitoring and Tracking Sustainable Development Goals,"Wu, Bingfang and Tian, Fuyou and Zhang, Miao and Zeng, Hongwei and Zeng, Yuan",2020,_data/societal_benefits/pdf/wu_2020_cloud_services_with_big.pdf,_data/societal_benefits/csv/wu_2020_cloud_services_with_big.csv
Satellite Earth Observation Value Added Services in the Nigerian Economy. ISNET,Zahrah Naankwat Musa} and {Halilu A. Shaba,2010,_data/societal_benefits/pdf/zahrahnaankwatmusa_2010_satellite_earth_observation_value.pdf,_data/societal_benefits/csv/zahrahnaankwatmusa_2010_satellite_earth_observation_value.csv
Assimilation of GRACE Terrestrial Water Storage Data into a Land Surface Model: Results for the Mississippi River Basin,"Zaitchik, Benjamin F. and Rodell, Matthew and Reichle, Rolf H.",2008,_data/societal_benefits/pdf/zaitchik_2008_assimilation_of_grace_terrestrial.pdf,_data/societal_benefits/csv/zaitchik_2008_assimilation_of_grace_terrestrial.csv
A User-Driven Approach to Determining Critical Earth Observation Priorities for Societal Benefit,"Zell, Erica and Huff, Amy K. and Carpenter, Adam T. and Friedl, Lawrence A.",2012,_data/societal_benefits/pdf/zell_2012_a_user_driven_approach.pdf,_data/societal_benefits/csv/zell_2012_a_user_driven_approach.csv
Future Earth Observation Strategy for Societal Benefits,"Zhou, Guoqing and Baysal, O.",2005,_data/societal_benefits/pdf/zhou_2005_future_earth_observation_strategy.pdf,_data/societal_benefits/csv/zhou_2005_future_earth_observation_strategy.csv
Benefits of the Free and Open Landsat Data Policy,"Zhu, Zhe and Wulder, Michael A. and Roy, David P. and Woodcock, Curtis E. and Hansen, Matthew C. and Radeloff, Volker C. and Healey, Sean P. and Schaaf, Crystal and Hostert, Patrick and Strobl, Peter and Pekel, Jean-Francois and Lymburner, Leo and Pahlevan, Nima and Scambos, Ted A.",2019,_data/societal_benefits/pdf/zhu_2019_benefits_of_the_free.pdf,_data/societal_benefits/csv/zhu_2019_benefits_of_the_free.csv
Benefits and Beneficiaries of the Oklahoma Mesonet: A Multisectoral Ripple Effect Analysis,"Ziolkowska, Jadwiga R. and Fiebrich, Christopher A. and Carlson, J. D. and Melvin, Andrea D. and Sutherland, Albert J. and Kloesel, Kevin A. and McManus, Gary D. and Illston, Bradley G. and Hocker, James E. and Reyes, Reuben",2017,_data/societal_benefits/pdf/ziolkowska_2017_benefits_and_beneficiaries_of.pdf,_data/societal_benefits/csv/ziolkowska_2017_benefits_and_beneficiaries_of.csv
